RoutingID,RoutingType,DesNetwork,DesMsgID,DesMsgName,DesCycleTime,DesSigName,DesSigStartbit,DesSigLength,DesInitialValue,DesMuxedValue,SrcNetwork,SrcMsgID,SrcMsgName,SrcCycleTime,SrcSigName,SrcSigStartbit,SrcSigLength,SrcInitialValue,SrcMuxedValue,SigConversionID
IDxxx,Msg,PT_CAN,0x85,ACM_CRASH_INFO,20,ACM_Airbag_Deployment_Status,20,2,0,,Body_CAN,0x85,ACM_CRASH_INFO,20,ACM_Airbag_Deployment_Status,20,2,0,,SCF0
IDxxx,Msg,PT_CAN,0x85,ACM_CRASH_INFO,20,ACM_Crash_Intensity,23,3,0,,Body_CAN,0x85,ACM_CRASH_INFO,20,ACM_Crash_Intensity,23,3,0,,SCF0
IDxxx,Msg,PT_CAN,0x85,ACM_CRASH_INFO,20,ACM_Crash_Sts,18,2,0,,Body_CAN,0x85,ACM_CRASH_INFO,20,ACM_Crash_Sts,18,2,0,,SCF0
IDxxx,Msg,PT_CAN,0x85,ACM_CRASH_INFO,20,ACM_DriverSide_Crash,27,2,0,,Body_CAN,0x85,ACM_CRASH_INFO,20,ACM_DriverSide_Crash,27,2,0,,SCF0
IDxxx,Msg,PT_CAN,0x85,ACM_CRASH_INFO,20,ACM_Front_Crash,25,2,0,,Body_CAN,0x85,ACM_CRASH_INFO,20,ACM_Front_Crash,25,2,0,,SCF0
IDxxx,Msg,PT_CAN,0x85,ACM_CRASH_INFO,20,ACM_PassSide_Crash,29,2,0,,Body_CAN,0x85,ACM_CRASH_INFO,20,ACM_PassSide_Crash,29,2,0,,SCF0
IDxxx,Msg,PT_CAN,0x85,ACM_CRASH_INFO,20,ACM_Rear_Crash,31,2,0,,Body_CAN,0x85,ACM_CRASH_INFO,20,ACM_Rear_Crash,31,2,0,,SCF0
IDxxx,Msg,PT_CAN,0x85,ACM_CRASH_INFO,20,ACM_Rollover_Crash,33,2,0,,Body_CAN,0x85,ACM_CRASH_INFO,20,ACM_Rollover_Crash,33,2,0,,SCF0
IDxxx,Msg,PT_CAN,0x85,ACM_CRASH_INFO,20,ALV_CRASH_Sts,11,4,0,,Body_CAN,0x85,ACM_CRASH_INFO,20,ALV_CRASH_Sts,11,4,0,,SCF0
IDxxx,Msg,PT_CAN,0x85,ACM_CRASH_INFO,20,CHKSM_CRASH_Sts,7,8,0,,Body_CAN,0x85,ACM_CRASH_INFO,20,CHKSM_CRASH_Sts,7,8,0,,SCF0
IDxxx,Msg,PT_CAN,0x381,ACM_OCCUPANT_STATUS,200,ACM_Seat_Belt_Status_2nd_Row_Dri,29,2,0,,Body_CAN,0x381,ACM_OCCUPANT_STATUS,200,ACM_Seat_Belt_Status_2nd_Row_Dri,29,2,0,,SCF0
IDxxx,Msg,PT_CAN,0x381,ACM_OCCUPANT_STATUS,200,ACM_Seat_Belt_Status_2nd_Row_Mid,31,2,0,,Body_CAN,0x381,ACM_OCCUPANT_STATUS,200,ACM_Seat_Belt_Status_2nd_Row_Mid,31,2,0,,SCF0
IDxxx,Msg,PT_CAN,0x381,ACM_OCCUPANT_STATUS,200,ACM_Seat_Belt_Status_2nd_Row_Pas,33,2,0,,Body_CAN,0x381,ACM_OCCUPANT_STATUS,200,ACM_Seat_Belt_Status_2nd_Row_Pas,33,2,0,,SCF0
IDxxx,Msg,PT_CAN,0x381,ACM_OCCUPANT_STATUS,200,ACM_Seat_Belt_Status_Driver,27,2,0,,Body_CAN,0x381,ACM_OCCUPANT_STATUS,200,ACM_Seat_Belt_Status_Driver,27,2,0,,SCF0
IDxxx,Msg,PT_CAN,0x381,ACM_OCCUPANT_STATUS,200,ACM_Seat_Belt_Status_Passenger,25,2,0,,Body_CAN,0x381,ACM_OCCUPANT_STATUS,200,ACM_Seat_Belt_Status_Passenger,25,2,0,,SCF0
IDxxx,Msg,PT_CAN,0x381,ACM_OCCUPANT_STATUS,200,ACM_Seat_Occupancy_2nd_Row_Dri,19,2,0,,Body_CAN,0x381,ACM_OCCUPANT_STATUS,200,ACM_Seat_Occupancy_2nd_Row_Dri,19,2,0,,SCF0
IDxxx,Msg,PT_CAN,0x381,ACM_OCCUPANT_STATUS,200,ACM_Seat_Occupancy_2nd_Row_Mid,23,2,0,,Body_CAN,0x381,ACM_OCCUPANT_STATUS,200,ACM_Seat_Occupancy_2nd_Row_Mid,23,2,0,,SCF0
IDxxx,Msg,PT_CAN,0x381,ACM_OCCUPANT_STATUS,200,ACM_Seat_Occupancy_2nd_Row_Pas,21,2,0,,Body_CAN,0x381,ACM_OCCUPANT_STATUS,200,ACM_Seat_Occupancy_2nd_Row_Pas,21,2,0,,SCF0
IDxxx,Msg,PT_CAN,0x381,ACM_OCCUPANT_STATUS,200,ACM_Seat_Occupancy_Passenger,17,2,0,,Body_CAN,0x381,ACM_OCCUPANT_STATUS,200,ACM_Seat_Occupancy_Passenger,17,2,0,,SCF0
IDxxx,Msg,PT_CAN,0x381,ACM_OCCUPANT_STATUS,200,ALV_ACM_SEAT_OCCUPATION,11,4,0,,Body_CAN,0x381,ACM_OCCUPANT_STATUS,200,ALV_ACM_SEAT_OCCUPATION,11,4,0,,SCF0
IDxxx,Msg,PT_CAN,0x381,ACM_OCCUPANT_STATUS,200,CHKSM_ACM_SEAT_OCCUPATION,7,8,0,,Body_CAN,0x381,ACM_OCCUPANT_STATUS,200,CHKSM_ACM_SEAT_OCCUPATION,7,8,0,,SCF0
IDxxx,Msg,PT_CAN,0x104,BAS_Measured_Data,100,ALIV_LV_BATT_CHARG,11,4,0,,Body_CAN,0x104,BAS_Measured_Data,100,ALIV_LV_BATT_CHARG,11,4,0,,SCF0
IDxxx,Msg,PT_CAN,0x104,BAS_Measured_Data,100,BCM_LV_Batt_Charging_Req,39,1,0,,Body_CAN,0x104,BAS_Measured_Data,100,BCM_LV_Batt_Charging_Req,39,1,0,,SCF0
IDxxx,Msg,PT_CAN,0x104,BAS_Measured_Data,100,CHKSM_LV_BATT_CHARG,7,8,0,,Body_CAN,0x104,BAS_Measured_Data,100,CHKSM_LV_BATT_CHARG,7,8,0,,SCF0
IDxxx,Msg,PT_CAN,0x104,BAS_Measured_Data,100,EBS_error,37,1,0,,Body_CAN,0x104,BAS_Measured_Data,100,EBS_error,37,1,0,,SCF0
IDxxx,Msg,PT_CAN,0x104,BAS_Measured_Data,100,FLAG_DISCONNECT,38,1,0,,Body_CAN,0x104,BAS_Measured_Data,100,FLAG_DISCONNECT,38,1,0,,SCF0
IDxxx,Msg,PT_CAN,0x104,BAS_Measured_Data,100,FLAG_INCONSTENCY,36,1,0,,Body_CAN,0x104,BAS_Measured_Data,100,FLAG_INCONSTENCY,36,1,0,,SCF0
IDxxx,Msg,PT_CAN,0x104,BAS_Measured_Data,100,LV_TargetCurrent,55,10,512,,Body_CAN,0x104,BAS_Measured_Data,100,LV_TargetCurrent,55,10,512,,SCF0
IDxxx,Msg,PT_CAN,0x104,BAS_Measured_Data,100,LV_TargetVoltage,61,6,26,,Body_CAN,0x104,BAS_Measured_Data,100,LV_TargetVoltage,61,6,26,,SCF0
IDxxx,Msg,PT_CAN,0x104,BAS_Measured_Data,100,Resp_Error,35,1,0,,Body_CAN,0x104,BAS_Measured_Data,100,Resp_Error,35,1,0,,SCF0
IDxxx,Msg,PT_CAN,0x104,BAS_Measured_Data,100,SOC_STATE,31,2,3,,Body_CAN,0x104,BAS_Measured_Data,100,SOC_STATE,31,2,3,,SCF0
IDxxx,Msg,PT_CAN,0x104,BAS_Measured_Data,100,SOH_SUL,23,8,255,,Body_CAN,0x104,BAS_Measured_Data,100,SOH_SUL,23,8,255,,SCF0
IDxxx,Msg,PT_CAN,0x104,BAS_Measured_Data,100,SOH_SUL_STATE,29,2,3,,Body_CAN,0x104,BAS_Measured_Data,100,SOH_SUL_STATE,29,2,3,,SCF0
IDxxx,Msg,PT_CAN,0x398,BCM_Auth_Immo,0,BCM_Immo_Byte_0,7,8,0,,Body_CAN,0x398,BCM_Auth_Immo,0,BCM_Immo_Byte_0,7,8,0,,SCF0
IDxxx,Msg,PT_CAN,0x398,BCM_Auth_Immo,0,BCM_Immo_Byte_1,15,8,0,,Body_CAN,0x398,BCM_Auth_Immo,0,BCM_Immo_Byte_1,15,8,0,,SCF0
IDxxx,Msg,PT_CAN,0x398,BCM_Auth_Immo,0,BCM_Immo_Byte_2,23,8,0,,Body_CAN,0x398,BCM_Auth_Immo,0,BCM_Immo_Byte_2,23,8,0,,SCF0
IDxxx,Msg,PT_CAN,0x398,BCM_Auth_Immo,0,BCM_Immo_Byte_3,31,8,0,,Body_CAN,0x398,BCM_Auth_Immo,0,BCM_Immo_Byte_3,31,8,0,,SCF0
IDxxx,Msg,PT_CAN,0x398,BCM_Auth_Immo,0,BCM_Immo_Byte_4,39,8,0,,Body_CAN,0x398,BCM_Auth_Immo,0,BCM_Immo_Byte_4,39,8,0,,SCF0
IDxxx,Msg,PT_CAN,0x398,BCM_Auth_Immo,0,BCM_Immo_Byte_5,47,8,0,,Body_CAN,0x398,BCM_Auth_Immo,0,BCM_Immo_Byte_5,47,8,0,,SCF0
IDxxx,Msg,PT_CAN,0x398,BCM_Auth_Immo,0,BCM_Immo_Byte_6,55,8,0,,Body_CAN,0x398,BCM_Auth_Immo,0,BCM_Immo_Byte_6,55,8,0,,SCF0
IDxxx,Msg,PT_CAN,0x398,BCM_Auth_Immo,0,BCM_Immo_Byte_7,63,8,0,,Body_CAN,0x398,BCM_Auth_Immo,0,BCM_Immo_Byte_7,63,8,0,,SCF0
IDxxx,Msg,PT_CAN,0x112,BCM_CLAMP_STAT,100,ALIVE_BCM_CLAMP_STAT,11,4,0,,Body_CAN,0x112,BCM_CLAMP_STAT,100,ALIVE_BCM_CLAMP_STAT,11,4,0,,SCF0
IDxxx,Msg,PT_CAN,0x112,BCM_CLAMP_STAT,100,BCM_Clamp_Transport,39,3,0,,Body_CAN,0x112,BCM_CLAMP_STAT,100,BCM_Clamp_Transport,39,3,0,,SCF0
IDxxx,Msg,PT_CAN,0x112,BCM_CLAMP_STAT,100,CHKSM_BCM_CLAMP_STAT,7,8,0,,Body_CAN,0x112,BCM_CLAMP_STAT,100,CHKSM_BCM_CLAMP_STAT,7,8,0,,SCF0
IDxxx,Msg,PT_CAN,0x112,BCM_CLAMP_STAT,100,Clamp50AdviceESS,21,2,0,,Body_CAN,0x112,BCM_CLAMP_STAT,100,Clamp50AdviceESS,21,2,0,,SCF0
IDxxx,Msg,PT_CAN,0x112,BCM_CLAMP_STAT,100,Clamp50AdviceRemoteStart,19,2,0,,Body_CAN,0x112,BCM_CLAMP_STAT,100,Clamp50AdviceRemoteStart,19,2,0,,SCF0
IDxxx,Msg,PT_CAN,0x112,BCM_CLAMP_STAT,100,FobId,31,2,0,,Body_CAN,0x112,BCM_CLAMP_STAT,100,FobId,31,2,0,,SCF0
IDxxx,Msg,PT_CAN,0x112,BCM_CLAMP_STAT,100,RemoteFunctionState,13,2,0,,Body_CAN,0x112,BCM_CLAMP_STAT,100,RemoteFunctionState,13,2,0,,SCF0
IDxxx,Msg,PT_CAN,0x112,BCM_CLAMP_STAT,100,STAT_BLS,15,2,0,,Body_CAN,0x112,BCM_CLAMP_STAT,100,STAT_BLS,15,2,0,,SCF0
IDxxx,Msg,PT_CAN,0x112,BCM_CLAMP_STAT,100,STAT_CL_15_1_DME_L,29,2,0,,Body_CAN,0x112,BCM_CLAMP_STAT,100,STAT_CL_15_1_DME_L,29,2,0,,SCF0
IDxxx,Msg,PT_CAN,0x112,BCM_CLAMP_STAT,100,STAT_CL_15_1_L,27,2,0,,Body_CAN,0x112,BCM_CLAMP_STAT,100,STAT_CL_15_1_L,27,2,0,,SCF0
IDxxx,Msg,PT_CAN,0x112,BCM_CLAMP_STAT,100,STAT_CL_50_L,17,2,0,,Body_CAN,0x112,BCM_CLAMP_STAT,100,STAT_CL_50_L,17,2,0,,SCF0
IDxxx,Msg,PT_CAN,0x112,BCM_CLAMP_STAT,100,STAT_CL_R_L,25,2,0,,Body_CAN,0x112,BCM_CLAMP_STAT,100,STAT_CL_R_L,25,2,0,,SCF0
IDxxx,Msg,PT_CAN,0x112,BCM_CLAMP_STAT,100,STAT_CL30_C_BEV,36,2,0,,Body_CAN,0x112,BCM_CLAMP_STAT,100,STAT_CL30_C_BEV,36,2,0,,SCF0
IDxxx,Msg,PT_CAN,0x112,BCM_CLAMP_STAT,100,STAT_Terminal,34,3,0,,Body_CAN,0x112,BCM_CLAMP_STAT,100,STAT_Terminal,34,3,0,,SCF0
IDxxx,Msg,PT_CAN,0x116,BCM_LVBAT_COM_INFO2,500,ALIV_LVBAT_INFO2,11,4,0,,Body_CAN,0x116,BCM_LVBAT_COM_INFO2,500,ALIV_LVBAT_INFO2,11,4,0,,SCF0
IDxxx,Msg,PT_CAN,0x116,BCM_LVBAT_COM_INFO2,500,CHKSM_LVBAT_INFO2,7,8,0,,Body_CAN,0x116,BCM_LVBAT_COM_INFO2,500,CHKSM_LVBAT_INFO2,7,8,0,,SCF0
IDxxx,Msg,PT_CAN,0x116,BCM_LVBAT_COM_INFO2,500,LV_MaxAllowChargeCurrent,24,8,0,,Body_CAN,0x116,BCM_LVBAT_COM_INFO2,500,LV_MaxAllowChargeCurrent,24,8,0,,SCF0
IDxxx,Msg,PT_CAN,0x116,BCM_LVBAT_COM_INFO2,500,LV_WakeupReason,19,3,0,,Body_CAN,0x116,BCM_LVBAT_COM_INFO2,500,LV_WakeupReason,19,3,0,,SCF0
IDxxx,Msg,PT_CAN,0x116,BCM_LVBAT_COM_INFO2,500,LV_MaxAllowDischargeCurrent,16,8,0,,Body_CAN,0x116,BCM_LVBAT_COM_INFO2,500,LV_MaxAllowDischargeCurrent,16,8,0,,SCF0
IDxxx,Msg,PT_CAN,0x116,BCM_LVBAT_COM_INFO2,500,LV_SOE,32,7,0,,Body_CAN,0x116,BCM_LVBAT_COM_INFO2,500,LV_SOE,32,7,0,,SCF0
IDxxx,Msg,PT_CAN,0x445,BCM_RainLightSnr,100,RS_F_HUD_Sensor,18,1,0,,Body_CAN,0x445,BCM_RainLightSnr,100,RS_F_HUD_Sensor,18,1,0,,SCF0
IDxxx,Msg,PT_CAN,0x445,BCM_RainLightSnr,100,RS_HUD_illuminance,31,16,0,,Body_CAN,0x445,BCM_RainLightSnr,100,RS_HUD_illuminance,31,16,0,,SCF0
IDxxx,Msg,PT_CAN,0x445,BCM_RainLightSnr,100,RS_Sol_L,7,8,0,,Body_CAN,0x445,BCM_RainLightSnr,100,RS_Sol_L,7,8,0,,SCF0
IDxxx,Msg,PT_CAN,0x445,BCM_RainLightSnr,100,RS_Sol_R,15,8,0,,Body_CAN,0x445,BCM_RainLightSnr,100,RS_Sol_R,15,8,0,,SCF0
IDxxx,Msg,PT_CAN,0x445,BCM_RainLightSnr,100,RS_St_CurrentRain,23,3,0,,Body_CAN,0x445,BCM_RainLightSnr,100,RS_St_CurrentRain,23,3,0,,SCF0
IDxxx,Msg,PT_CAN,0x445,BCM_RainLightSnr,100,RS_St_LampReq,20,2,0,,Body_CAN,0x445,BCM_RainLightSnr,100,RS_St_LampReq,20,2,0,,SCF0
IDxxx,Msg,PT_CAN,0x105,BCM_STAT_DOOR_FLAP,100,ALIVE_BCM_STAT_DOOR_FLAP,11,4,0,,Body_CAN,0x105,BCM_STAT_DOOR_FLAP,100,ALIVE_BCM_STAT_DOOR_FLAP,11,4,0,,SCF0
IDxxx,Msg,PT_CAN,0x105,BCM_STAT_DOOR_FLAP,100,BCM_STAT_BonnetAjar,27,2,0,,Body_CAN,0x105,BCM_STAT_DOOR_FLAP,100,BCM_STAT_BonnetAjar,27,2,0,,SCF0
IDxxx,Msg,PT_CAN,0x105,BCM_STAT_DOOR_FLAP,100,BCM_STAT_DoorAjarFL,19,2,0,,Body_CAN,0x105,BCM_STAT_DOOR_FLAP,100,BCM_STAT_DoorAjarFL,19,2,0,,SCF0
IDxxx,Msg,PT_CAN,0x105,BCM_STAT_DOOR_FLAP,100,BCM_STAT_DoorAjarFR,21,2,0,,Body_CAN,0x105,BCM_STAT_DOOR_FLAP,100,BCM_STAT_DoorAjarFR,21,2,0,,SCF0
IDxxx,Msg,PT_CAN,0x105,BCM_STAT_DOOR_FLAP,100,BCM_STAT_DoorAjarRL,23,2,0,,Body_CAN,0x105,BCM_STAT_DOOR_FLAP,100,BCM_STAT_DoorAjarRL,23,2,0,,SCF0
IDxxx,Msg,PT_CAN,0x105,BCM_STAT_DOOR_FLAP,100,BCM_STAT_DoorAjarRR,25,2,0,,Body_CAN,0x105,BCM_STAT_DOOR_FLAP,100,BCM_STAT_DoorAjarRR,25,2,0,,SCF0
IDxxx,Msg,PT_CAN,0x105,BCM_STAT_DOOR_FLAP,100,BCM_STAT_TrunkAjar,17,2,0,,Body_CAN,0x105,BCM_STAT_DOOR_FLAP,100,BCM_STAT_TrunkAjar,17,2,0,,SCF0
IDxxx,Msg,PT_CAN,0x105,BCM_STAT_DOOR_FLAP,100,CHKSM_BCM_STAT_DOOR_FLAP,7,8,0,,Body_CAN,0x105,BCM_STAT_DOOR_FLAP,100,CHKSM_BCM_STAT_DOOR_FLAP,7,8,0,,SCF0
IDxxx,Msg,PT_CAN,0x109,BCM_SwitchSts,100,ACM_Seat_Belt_Status_3rd_Row_Dri,35,2,0,,Body_CAN,0x109,BCM_SwitchSts,100,ACM_Seat_Belt_Status_3rd_Row_Dri,35,2,0,,SCF0
IDxxx,Msg,PT_CAN,0x109,BCM_SwitchSts,100,ACM_Seat_Belt_Status_3rd_Row_Pas,33,2,0,,Body_CAN,0x109,BCM_SwitchSts,100,ACM_Seat_Belt_Status_3rd_Row_Pas,33,2,0,,SCF0
IDxxx,Msg,PT_CAN,0x109,BCM_SwitchSts,100,ALV_BCM_SWITCH_Sts,11,4,0,,Body_CAN,0x109,BCM_SwitchSts,100,ALV_BCM_SWITCH_Sts,11,4,0,,SCF0
IDxxx,Msg,PT_CAN,0x109,BCM_SwitchSts,100,BCM_FollowMeHomeActive,19,2,0,,Body_CAN,0x109,BCM_SwitchSts,100,BCM_FollowMeHomeActive,19,2,0,,SCF0
IDxxx,Msg,PT_CAN,0x109,BCM_SwitchSts,100,BCM_HighBeam,29,2,0,,Body_CAN,0x109,BCM_SwitchSts,100,BCM_HighBeam,29,2,0,,SCF0
IDxxx,Msg,PT_CAN,0x109,BCM_SwitchSts,100,BCM_STAT_Autowiping,23,2,0,,Body_CAN,0x109,BCM_SwitchSts,100,BCM_STAT_Autowiping,23,2,0,,SCF0
IDxxx,Msg,PT_CAN,0x109,BCM_SwitchSts,100,BCM_STAT_BrakeSwitch,13,2,0,,Body_CAN,0x109,BCM_SwitchSts,100,BCM_STAT_BrakeSwitch,13,2,0,,SCF0
IDxxx,Msg,PT_CAN,0x109,BCM_SwitchSts,100,BCM_STAT_FuelPumpCutOFF,17,2,0,,Body_CAN,0x109,BCM_SwitchSts,100,BCM_STAT_FuelPumpCutOFF,17,2,0,,SCF0
IDxxx,Msg,PT_CAN,0x109,BCM_SwitchSts,100,BCM_STAT_HazardWarn,15,2,0,,Body_CAN,0x109,BCM_SwitchSts,100,BCM_STAT_HazardWarn,15,2,0,,SCF0
IDxxx,Msg,PT_CAN,0x109,BCM_SwitchSts,100,BCM_STAT_Horn,21,2,0,,Body_CAN,0x109,BCM_SwitchSts,100,BCM_STAT_Horn,21,2,0,,SCF0
IDxxx,Msg,PT_CAN,0x109,BCM_SwitchSts,100,BCM_TurnIndicator,25,2,0,,Body_CAN,0x109,BCM_SwitchSts,100,BCM_TurnIndicator,25,2,0,,SCF0
IDxxx,Msg,PT_CAN,0x109,BCM_SwitchSts,100,BCM_WelcomeActive,27,2,0,,Body_CAN,0x109,BCM_SwitchSts,100,BCM_WelcomeActive,27,2,0,,SCF0
IDxxx,Msg,PT_CAN,0x109,BCM_SwitchSts,100,CHKSM_BCM_SWITCH_Sts,7,8,0,,Body_CAN,0x109,BCM_SwitchSts,100,CHKSM_BCM_SWITCH_Sts,7,8,0,,SCF0
IDxxx,Msg,PT_CAN,0x12F,BCM_TERMINAL,100,ALV_BCM_TERMINAL,11,4,0,,Body_CAN,0x12F,BCM_TERMINAL,100,ALV_BCM_TERMINAL,11,4,0,,SCF0
IDxxx,Msg,PT_CAN,0x12F,BCM_TERMINAL,100,CHKSM_BCM_TERMINAL,7,8,0,,Body_CAN,0x12F,BCM_TERMINAL,100,CHKSM_BCM_TERMINAL,7,8,0,,SCF0
IDxxx,Msg,PT_CAN,0x12f,BCM_TERMINAL,100,STAT_AlcoholEngineStatus,21,2,0,,Body_CAN,0x12f,BCM_TERMINAL,100,STAT_AlcoholEngineStatus,21,2,0,,SCF0
IDxxx,Msg,PT_CAN,0x12F,BCM_TERMINAL,100,CTR_ENG_STOP,35,2,0,,Body_CAN,0x12F,BCM_TERMINAL,100,CTR_ENG_STOP,35,2,0,,SCF0
IDxxx,Msg,PT_CAN,0x12F,BCM_TERMINAL,100,RQ_DRVG_RDI,31,2,0,,Body_CAN,0x12F,BCM_TERMINAL,100,RQ_DRVG_RDI,31,2,0,,SCF0
IDxxx,Msg,PT_CAN,0x12F,BCM_TERMINAL,100,RWDT_BLS,29,4,0,,Body_CAN,0x12F,BCM_TERMINAL,100,RWDT_BLS,29,4,0,,SCF0
IDxxx,Msg,PT_CAN,0x12F,BCM_TERMINAL,100,ST_KL,15,4,0,,Body_CAN,0x12F,BCM_TERMINAL,100,ST_KL,15,4,0,,SCF0
IDxxx,Msg,PT_CAN,0x12F,BCM_TERMINAL,100,ST_KL_KEY_VLD,19,4,0,,Body_CAN,0x12F,BCM_TERMINAL,100,ST_KL_KEY_VLD,19,4,0,,SCF0
IDxxx,Msg,PT_CAN,0x12F,BCM_TERMINAL,100,ST_SSB,25,2,0,,Body_CAN,0x12F,BCM_TERMINAL,100,ST_SSB,25,2,0,,SCF0
IDxxx,Msg,PT_CAN,0x12f,BCM_TERMINAL,100,STAT_AlcoholIgnStatus,33,2,0,,Body_CAN,0x12f,BCM_TERMINAL,100,STAT_AlcoholIgnStatus,33,2,0,,SCF0
IDxxx,Msg,PT_CAN,0x12F,BCM_TERMINAL,100,ST_STCD_PENG,23,2,0,,Body_CAN,0x12F,BCM_TERMINAL,100,ST_STCD_PENG,23,2,0,,SCF0
IDxxx,Msg,PT_CAN,0x12F,BCM_TERMINAL,100,ST_VEH_CON,39,4,0,,Body_CAN,0x12F,BCM_TERMINAL,100,ST_VEH_CON,39,4,0,,SCF0
IDxxx,Msg,PT_CAN,0x380,BCM_VEHICLE_IDENT_NUMBER,1000,VIN_Byte1,7,8,0,,Body_CAN,0x380,BCM_VEHICLE_IDENT_NUMBER,1000,VIN_Byte1,7,8,0,,SCF0
IDxxx,Msg,PT_CAN,0x380,BCM_VEHICLE_IDENT_NUMBER,1000,VIN_Byte2,15,8,0,,Body_CAN,0x380,BCM_VEHICLE_IDENT_NUMBER,1000,VIN_Byte2,15,8,0,,SCF0
IDxxx,Msg,PT_CAN,0x380,BCM_VEHICLE_IDENT_NUMBER,1000,VIN_Byte3,23,8,0,,Body_CAN,0x380,BCM_VEHICLE_IDENT_NUMBER,1000,VIN_Byte3,23,8,0,,SCF0
IDxxx,Msg,PT_CAN,0x380,BCM_VEHICLE_IDENT_NUMBER,1000,VIN_Byte4,31,8,0,,Body_CAN,0x380,BCM_VEHICLE_IDENT_NUMBER,1000,VIN_Byte4,31,8,0,,SCF0
IDxxx,Msg,PT_CAN,0x380,BCM_VEHICLE_IDENT_NUMBER,1000,VIN_Byte5,39,8,0,,Body_CAN,0x380,BCM_VEHICLE_IDENT_NUMBER,1000,VIN_Byte5,39,8,0,,SCF0
IDxxx,Msg,PT_CAN,0x380,BCM_VEHICLE_IDENT_NUMBER,1000,VIN_Byte6,47,8,0,,Body_CAN,0x380,BCM_VEHICLE_IDENT_NUMBER,1000,VIN_Byte6,47,8,0,,SCF0
IDxxx,Msg,PT_CAN,0x380,BCM_VEHICLE_IDENT_NUMBER,1000,VIN_Byte7,55,8,0,,Body_CAN,0x380,BCM_VEHICLE_IDENT_NUMBER,1000,VIN_Byte7,55,8,0,,SCF0
IDxxx,Msg,PT_CAN,0x10A,BCM_VOLTAGE,500,ALIVE_BCM_VOLTAGE,11,4,0,,Body_CAN,0x10A,BCM_VOLTAGE,500,ALIVE_BCM_VOLTAGE,11,4,0,,SCF0
IDxxx,Msg,PT_CAN,0x10A,BCM_VOLTAGE,500,CHKSM_BCM_VOLTAGE,7,8,0,,Body_CAN,0x10A,BCM_VOLTAGE,500,CHKSM_BCM_VOLTAGE,7,8,0,,SCF0
IDxxx,Msg,PT_CAN,0x10A,BCM_VOLTAGE,500,LV_Batt_Current,55,16,49152,,Body_CAN,0x10A,BCM_VOLTAGE,500,LV_Batt_Current,55,16,49152,,SCF0
IDxxx,Msg,PT_CAN,0x10A,BCM_VOLTAGE,500,LV_Batt_Temp,39,8,40,,Body_CAN,0x10A,BCM_VOLTAGE,500,LV_Batt_Temp,39,8,40,,SCF0
IDxxx,Msg,PT_CAN,0x10A,BCM_VOLTAGE,500,LV_BatteryType,13,2,0,,Body_CAN,0x10A,BCM_VOLTAGE,500,LV_BatteryType,13,2,0,,SCF0
IDxxx,Msg,PT_CAN,0x10A,BCM_VOLTAGE,500,LV_SOC,47,8,0,,Body_CAN,0x10A,BCM_VOLTAGE,500,LV_SOC,47,8,0,,SCF0
IDxxx,Msg,PT_CAN,0x10A,BCM_VOLTAGE,500,UBatt,23,14,9205,,Body_CAN,0x10A,BCM_VOLTAGE,500,UBatt,23,14,9205,,SCF0
IDxxx,Msg,PT_CAN,0x481,BCM_WarnMsg,1000,BCM_Keyfob_Leftcar,40,1,0,,Body_CAN,0x481,BCM_WarnMsg,1000,BCM_Keyfob_Leftcar,40,1,0,,SCF0
IDxxx,Msg,PT_CAN,0x481,BCM_WarnMsg,1000,CHSKM_BCM_WarnMsg,7,8,0,,Body_CAN,0x481,BCM_WarnMsg,1000,CHSKM_BCM_WarnMsg,7,8,0,,SCF0
IDxxx,Msg,PT_CAN,0x481,BCM_WarnMsg,1000,ALV_BCM_WarnMsg,11,4,0,,Body_CAN,0x481,BCM_WarnMsg,1000,ALV_BCM_WarnMsg,11,4,0,,SCF0
IDxxx,Sig,PT_CAN,0x245,BMS_CellTemp,200,BMS_MaxCellTemp,55,8,80,,BA_CAN,0x245,BMS_CellTemp,20,BMS_MaxCellTemp,55,8,80,,SCF0
IDxxx,Sig,PT_CAN,0x245,BMS_CellTemp,200,BMS_MaxMinDiffCellTemp,63,8,80,,BA_CAN,0x245,BMS_CellTemp,20,BMS_MaxMinDiffCellTemp,63,8,80,,SCF0
IDxxx,Sig,PT_CAN,0x245,BMS_CellTemp,200,BMS_MinCellTemp,31,8,80,,BA_CAN,0x245,BMS_CellTemp,20,BMS_MinCellTemp,31,8,80,,SCF0
IDxxx,Sig,PT_CAN,0x245,BMS_CellTemp,200,BMS_PackTemp,47,8,80,,BA_CAN,0x245,BMS_CellTemp,20,BMS_PackTemp,47,8,80,,SCF0
IDxxx,Sig,PT_CAN,0x245,BMS_CellTemp,200,BMS_ProbeNumMaxCellTemp,21,6,1,,BA_CAN,0x245,BMS_CellTemp,20,BMS_ProbeNumMaxCellTemp,21,6,1,,SCF0
IDxxx,Sig,PT_CAN,0x245,BMS_CellTemp,200,BMS_ProbeNumMinCellTemp,37,6,0,,BA_CAN,0x245,BMS_CellTemp,20,BMS_ProbeNumMinCellTemp,37,6,0,,SCF0
IDxxx,Sig,PT_CAN,0x245,BMS_CellTemp,200,Checksum_0x245,7,8,0,,BA_CAN,0x245,BMS_CellTemp,20,Checksum_0x245,7,8,0,,SCF0
IDxxx,Sig,PT_CAN,0x245,BMS_CellTemp,200,Rolling_Counter_0x245,11,4,0,,BA_CAN,0x245,BMS_CellTemp,20,Rolling_Counter_0x245,11,4,0,,SCF0
IDxxx,Msg,PT_CAN,0x249,BMS_CoolntInletOutletTmp,100,ALV_BMS_CoolntInletOutletTmp,11,4,0,,BA_CAN,0x249,BMS_CoolntInletOutletTmp,100,ALV_BMS_CoolntInletOutletTmp,11,4,0,,SCF0
IDxxx,Msg,PT_CAN,0x249,BMS_CoolntInletOutletTmp,100,BMS_CoolantInletTemp,23,8,80,,BA_CAN,0x249,BMS_CoolntInletOutletTmp,100,BMS_CoolantInletTemp,23,8,80,,SCF0
IDxxx,Msg,PT_CAN,0x249,BMS_CoolntInletOutletTmp,100,BMS_CoolantOutletTemp,31,8,80,,BA_CAN,0x249,BMS_CoolntInletOutletTmp,100,BMS_CoolantOutletTemp,31,8,80,,SCF0
IDxxx,Msg,PT_CAN,0x249,BMS_CoolntInletOutletTmp,100,CHSKM_BMS_CoolntInletOutletTmp,7,8,0,,BA_CAN,0x249,BMS_CoolntInletOutletTmp,100,CHSKM_BMS_CoolntInletOutletTmp,7,8,0,,SCF0
IDxxx,Sig,PT_CAN,0x174,BMS_CurMeas,1000,ALV_BMS_CurMeas,11,4,0,,BA_CAN,0x174,BMS_CurMeas,20,ALV_BMS_CurMeas,11,4,0,,SCF0
IDxxx,Sig,PT_CAN,0x174,BMS_CurMeas,1000,BMS_PackCur_MEAS,23,16,32768,,BA_CAN,0x174,BMS_CurMeas,20,BMS_PackCur_MEAS,23,16,32768,,SCF0
IDxxx,Sig,PT_CAN,0x174,BMS_CurMeas,1000,CHSKM_BMS_CurMeas,7,8,0,,BA_CAN,0x174,BMS_CurMeas,20,CHSKM_BMS_CurMeas,7,8,0,,SCF0
IDxxx,Sig,PT_CAN,0x176,BMS_HVMeas1,1000,BMS_HVLinkVol_MEAS,39,16,0,,BA_CAN,0x176,BMS_HVMeas1,50,BMS_HVLinkVol_MEAS,39,16,0,,SCF0
IDxxx,Sig,PT_CAN,0x176,BMS_HVMeas1,1000,BMS_HVPackVol_MEAS,23,16,0,,BA_CAN,0x176,BMS_HVMeas1,50,BMS_HVPackVol_MEAS,23,16,0,,SCF0
IDxxx,Sig,PT_CAN,0x176,BMS_HVMeas1,1000,Checksum_0x176,7,8,0,,BA_CAN,0x176,BMS_HVMeas1,50,Checksum_0x176,7,8,0,,SCF0
IDxxx,Sig,PT_CAN,0x176,BMS_HVMeas1,1000,Rolling_Counter_0x176,11,4,0,,BA_CAN,0x176,BMS_HVMeas1,50,Rolling_Counter_0x176,11,4,0,,SCF0
IDxxx,Msg,PT_CAN,0x375,BMS_Relay,50,BMS_MainPosRelay_ERR,14,1,0,,BA_CAN,0x375,BMS_Relay,50,BMS_MainPosRelay_ERR,14,1,0,,SCF0
IDxxx,Msg,PT_CAN,0x375,BMS_Relay,50,BMS_MainPosRelay_STS,18,3,0,,BA_CAN,0x375,BMS_Relay,50,BMS_MainPosRelay_STS,18,3,0,,SCF0
IDxxx,Msg,PT_CAN,0x375,BMS_Relay,50,BMS_PreChgRelay_ERR,12,1,0,,BA_CAN,0x375,BMS_Relay,50,BMS_PreChgRelay_ERR,12,1,0,,SCF0
IDxxx,Msg,PT_CAN,0x375,BMS_Relay,50,BMS_PreChgRelay_STS,21,3,0,,BA_CAN,0x375,BMS_Relay,50,BMS_PreChgRelay_STS,21,3,0,,SCF0
IDxxx,Msg,PT_CAN,0x375,BMS_Relay,50,BMS_TotalNegRelay_ERR,13,1,0,,BA_CAN,0x375,BMS_Relay,50,BMS_TotalNegRelay_ERR,13,1,0,,SCF0
IDxxx,Msg,PT_CAN,0x375,BMS_Relay,50,BMS_TotalNegRelay_STS,26,3,0,,BA_CAN,0x375,BMS_Relay,50,BMS_TotalNegRelay_STS,26,3,0,,SCF0
IDxxx,Msg,PT_CAN,0x375,BMS_Relay,50,Checksum_0x375,7,8,0,,BA_CAN,0x375,BMS_Relay,50,Checksum_0x375,7,8,0,,SCF0
IDxxx,Msg,PT_CAN,0x375,BMS_Relay,50,Rolling_Counter_0x375,11,4,0,,BA_CAN,0x375,BMS_Relay,50,Rolling_Counter_0x375,11,4,0,,SCF0
IDxxx,Msg,PT_CAN,0x215,BMS_Sts,50,BMS_Balance_STS,13,1,0,,BA_CAN,0x215,BMS_Sts,50,BMS_Balance_STS,13,1,0,,SCF0
IDxxx,Msg,PT_CAN,0x215,BMS_Sts,50,BMS_BatBalance_ERR,12,1,0,,BA_CAN,0x215,BMS_Sts,50,BMS_BatBalance_ERR,12,1,0,,SCF0
IDxxx,Msg,PT_CAN,0x215,BMS_Sts,50,BMS_ERR_LEV,23,4,0,,BA_CAN,0x215,BMS_Sts,50,BMS_ERR_LEV,23,4,0,,SCF0
IDxxx,Msg,PT_CAN,0x215,BMS_Sts,50,BMS_HV_Sts,63,8,0,,BA_CAN,0x215,BMS_Sts,50,BMS_HV_Sts,63,8,0,,SCF0
IDxxx,Msg,PT_CAN,0x215,BMS_Sts,50,BMS_HVIL_STS,17,2,0,,BA_CAN,0x215,BMS_Sts,50,BMS_HVIL_STS,17,2,0,,SCF0
IDxxx,Msg,PT_CAN,0x215,BMS_Sts,50,BMS_HVOnOff_STS,19,2,0,,BA_CAN,0x215,BMS_Sts,50,BMS_HVOnOff_STS,19,2,0,,SCF0
IDxxx,Msg,PT_CAN,0x215,BMS_Sts,50,BMS_HWCrash_Sts,15,1,0,,BA_CAN,0x215,BMS_Sts,50,BMS_HWCrash_Sts,15,1,0,,SCF0
IDxxx,Msg,PT_CAN,0x215,BMS_Sts,50,BMS_IGN_Sts,14,1,0,,BA_CAN,0x215,BMS_Sts,50,BMS_IGN_Sts,14,1,0,,SCF0
IDxxx,Msg,PT_CAN,0x215,BMS_Sts,50,BMS_ISU_Status,31,2,0,,BA_CAN,0x215,BMS_Sts,50,BMS_ISU_Status,31,2,0,,SCF0
IDxxx,Msg,PT_CAN,0x215,BMS_Sts,50,BMS_SocActual_EST,25,10,0,,BA_CAN,0x215,BMS_Sts,50,BMS_SocActual_EST,25,10,0,,SCF0
IDxxx,Msg,PT_CAN,0x215,BMS_Sts,50,BMS_SOE,55,8,54,,BA_CAN,0x215,BMS_Sts,50,BMS_SOE,55,8,54,,SCF0
IDxxx,Msg,PT_CAN,0x215,BMS_Sts,50,BMS_SOH,47,8,54,,BA_CAN,0x215,BMS_Sts,50,BMS_SOH,47,8,54,,SCF0
IDxxx,Msg,PT_CAN,0x215,BMS_Sts,50,BMS_Sys_STS,29,4,0,,BA_CAN,0x215,BMS_Sts,50,BMS_Sys_STS,29,4,0,,SCF0
IDxxx,Msg,PT_CAN,0x215,BMS_Sts,50,Checksum_0x215,7,8,0,,BA_CAN,0x215,BMS_Sts,50,Checksum_0x215,7,8,0,,SCF0
IDxxx,Msg,PT_CAN,0x215,BMS_Sts,50,Rolling_Counter_0x215,11,4,0,,BA_CAN,0x215,BMS_Sts,50,Rolling_Counter_0x215,11,4,0,,SCF0
IDxxx,Msg,PT_CAN,0x306,CCU_HeatCoolReq,100,CCU_AcOffCode_CCU,15,8,0,,Body_CAN,0x306,CCU_HeatCoolReq,100,CCU_AcOffCode_CCU,15,8,0,,SCF0
IDxxx,Msg,PT_CAN,0x306,CCU_HeatCoolReq,100,CCU_CoolDemand,47,8,0,,Body_CAN,0x306,CCU_HeatCoolReq,100,CCU_CoolDemand,47,8,0,,SCF0
IDxxx,Msg,PT_CAN,0x306,CCU_HeatCoolReq,100,CCU_CoolPowerDemand,23,8,0,,Body_CAN,0x306,CCU_HeatCoolReq,100,CCU_CoolPowerDemand,23,8,0,,SCF0
IDxxx,Msg,PT_CAN,0x306,CCU_HeatCoolReq,100,CCU_EcompOnOffRequest,1,2,0,,Body_CAN,0x306,CCU_HeatCoolReq,100,CCU_EcompOnOffRequest,1,2,0,,SCF0
IDxxx,Msg,PT_CAN,0x306,CCU_HeatCoolReq,100,CCU_HeatDemand,55,8,0,,Body_CAN,0x306,CCU_HeatCoolReq,100,CCU_HeatDemand,55,8,0,,SCF0
IDxxx,Msg,PT_CAN,0x306,CCU_HeatCoolReq,100,CCU_HeatPowerDemand,31,8,0,,Body_CAN,0x306,CCU_HeatCoolReq,100,CCU_HeatPowerDemand,31,8,0,,SCF0
IDxxx,Msg,PT_CAN,0x306,CCU_HeatCoolReq,100,CCU_HtrOnOffRequest,3,2,0,,Body_CAN,0x306,CCU_HeatCoolReq,100,CCU_HtrOnOffRequest,3,2,0,,SCF0
IDxxx,Msg,PT_CAN,0x306,CCU_HeatCoolReq,100,CCU_PTCOffCode_CCU,39,8,0,,Body_CAN,0x306,CCU_HeatCoolReq,100,CCU_PTCOffCode_CCU,39,8,0,,SCF0
IDxxx,Msg,PT_CAN,0x122,CCU_MaxReq,200,ALV_CCU_REQUEST,11,4,0,,Body_CAN,0x122,CCU_MaxReq,200,ALV_CCU_REQUEST,11,4,0,,SCF0
IDxxx,Msg,PT_CAN,0x122,CCU_MaxReq,200,CCU_AC_PWM,31,7,0,,Body_CAN,0x122,CCU_MaxReq,200,CCU_AC_PWM,31,7,0,,SCF0
IDxxx,Msg,PT_CAN,0x122,CCU_MaxReq,200,CCU_REQ_ESSMotorControl,18,3,7,,Body_CAN,0x122,CCU_MaxReq,200,CCU_REQ_ESSMotorControl,18,3,7,,SCF0
IDxxx,Msg,PT_CAN,0x122,CCU_MaxReq,200,CCU_REQ_MaxCool,13,2,0,,Body_CAN,0x122,CCU_MaxReq,200,CCU_REQ_MaxCool,13,2,0,,SCF0
IDxxx,Msg,PT_CAN,0x122,CCU_MaxReq,200,CCU_REQ_MaxHeat,15,2,3,,Body_CAN,0x122,CCU_MaxReq,200,CCU_REQ_MaxHeat,15,2,3,,SCF0
IDxxx,Msg,PT_CAN,0x122,CCU_MaxReq,200,CHKSM_CCU_REQUEST,7,8,0,,Body_CAN,0x122,CCU_MaxReq,200,CHKSM_CCU_REQUEST,7,8,0,,SCF0
IDxxx,Msg,PT_CAN,0x300,CCU_STATUS,1000,CCU_STAT_Aircondition,5,2,0,,Body_CAN,0x300,CCU_STATUS,1000,CCU_STAT_Aircondition,5,2,0,,SCF0
IDxxx,Msg,PT_CAN,0x300,CCU_STATUS,1000,CCU_STAT_Auto,3,2,0,,Body_CAN,0x300,CCU_STATUS,1000,CCU_STAT_Auto,3,2,0,,SCF0
IDxxx,Msg,PT_CAN,0x300,CCU_STATUS,1000,CCU_STAT_Defrost,29,2,0,,Body_CAN,0x300,CCU_STATUS,1000,CCU_STAT_Defrost,29,2,0,,SCF0
IDxxx,Msg,PT_CAN,0x300,CCU_STATUS,1000,CCU_STAT_FanSpeed,15,4,0,,Body_CAN,0x300,CCU_STATUS,1000,CCU_STAT_FanSpeed,15,4,0,,SCF0
IDxxx,Msg,PT_CAN,0x300,CCU_STATUS,1000,CCU_STAT_FlapPos,27,3,0,,Body_CAN,0x300,CCU_STATUS,1000,CCU_STAT_FlapPos,27,3,0,,SCF0
IDxxx,Msg,PT_CAN,0x300,CCU_STATUS,1000,CCU_STAT_IonButton,7,2,0,,Body_CAN,0x300,CCU_STATUS,1000,CCU_STAT_IonButton,7,2,0,,SCF0
IDxxx,Msg,PT_CAN,0x300,CCU_STATUS,1000,CCU_STAT_MaxAc,9,2,0,,Body_CAN,0x300,CCU_STATUS,1000,CCU_STAT_MaxAc,9,2,0,,SCF0
IDxxx,Msg,PT_CAN,0x300,CCU_STATUS,1000,CCU_STAT_OnOff,11,2,3,,Body_CAN,0x300,CCU_STATUS,1000,CCU_STAT_OnOff,11,2,3,,SCF0
IDxxx,Msg,PT_CAN,0x300,CCU_STATUS,1000,CCU_STAT_PTC_Heater,39,3,0,,Body_CAN,0x300,CCU_STATUS,1000,CCU_STAT_PTC_Heater,39,3,0,,SCF0
IDxxx,Msg,PT_CAN,0x300,CCU_STATUS,1000,CCU_STAT_RecircFlap,23,3,1,,Body_CAN,0x300,CCU_STATUS,1000,CCU_STAT_RecircFlap,23,3,1,,SCF0
IDxxx,Msg,PT_CAN,0x300,CCU_STATUS,1000,CCU_STAT_SyncClimateZone,1,2,0,,Body_CAN,0x300,CCU_STATUS,1000,CCU_STAT_SyncClimateZone,1,2,0,,SCF0
IDxxx,Msg,PT_CAN,0x300,CCU_STATUS,1000,CCU_STAT_TempDriver,47,8,40,,Body_CAN,0x300,CCU_STATUS,1000,CCU_STAT_TempDriver,47,8,40,,SCF0
IDxxx,Msg,PT_CAN,0x300,CCU_STATUS,1000,CCU_STAT_TempPassenger,55,8,40,,Body_CAN,0x300,CCU_STATUS,1000,CCU_STAT_TempPassenger,55,8,40,,SCF0
IDxxx,Msg,PT_CAN,0x302,CCU_TEMP_PRESSURE,1000,ALV_CCU_TEMP_PRESSURE,11,4,0,,Body_CAN,0x302,CCU_TEMP_PRESSURE,1000,ALV_CCU_TEMP_PRESSURE,11,4,0,,SCF0
IDxxx,Msg,PT_CAN,0x302,CCU_TEMP_PRESSURE,1000,CCU_EvaporatorTemp,47,8,80,,Body_CAN,0x302,CCU_TEMP_PRESSURE,1000,CCU_EvaporatorTemp,47,8,80,,SCF0
IDxxx,Msg,PT_CAN,0x302,CCU_TEMP_PRESSURE,1000,CCU_InteriorTemp,31,8,80,,Body_CAN,0x302,CCU_TEMP_PRESSURE,1000,CCU_InteriorTemp,31,8,80,,SCF0
IDxxx,Msg,PT_CAN,0x302,CCU_TEMP_PRESSURE,1000,CCU_Pressure_AC,23,6,0,,Body_CAN,0x302,CCU_TEMP_PRESSURE,1000,CCU_Pressure_AC,23,6,0,,SCF0
IDxxx,Msg,PT_CAN,0x302,CCU_TEMP_PRESSURE,1000,CCU_TempEx_AC,39,8,80,,Body_CAN,0x302,CCU_TEMP_PRESSURE,1000,CCU_TempEx_AC,39,8,80,,SCF0
IDxxx,Msg,PT_CAN,0x302,CCU_TEMP_PRESSURE,1000,CHKSM_CCU_TEMP_PRESSURE,7,8,0,,Body_CAN,0x302,CCU_TEMP_PRESSURE,1000,CHKSM_CCU_TEMP_PRESSURE,7,8,0,,SCF0
IDxxx,Sig,PT_CAN,0x222,CCUF_ClimateSetting,200,FRONT_SET_Rear_AirCondition,1,2,0,,Body_CAN,0x222,CCUF_ClimateSetting,100,FRONT_SET_Rear_AirCondition,1,2,0,,SCF0
IDxxx,Msg,PT_CAN,0x221,CCUR_ClimateSetting,200,CCUR_Req_AirCondition,1,2,0,,Body_CAN,0x221,CCUR_ClimateSetting,200,CCUR_Req_AirCondition,1,2,0,,SCF0
IDxxx,Msg,PT_CAN,0x6ff,DIAG_Req_All_Ecu,0,DiagReqAllEcuData0,7,8,0,,Diag_CAN,0x6ff,DIAG_Req_All_Ecu,0,DiagReqAllEcuData0,7,8,0,,SCF0
IDxxx,Msg,PT_CAN,0x6ff,DIAG_Req_All_Ecu,0,DiagReqAllEcuData0,7,8,0,,Info_CAN,0x6ee,MHU_FOTA_ReqAll,0,MHU_FOTA_ReqAll_00,7,8,0,,SCF0
IDxxx,Msg,PT_CAN,0x6ff,DIAG_Req_All_Ecu,0,DiagReqAllEcuData1,15,8,0,,Diag_CAN,0x6ff,DIAG_Req_All_Ecu,0,DiagReqAllEcuData1,15,8,0,,SCF0
IDxxx,Msg,PT_CAN,0x6ff,DIAG_Req_All_Ecu,0,DiagReqAllEcuData1,15,8,0,,Info_CAN,0x6ee,MHU_FOTA_ReqAll,0,MHU_FOTA_ReqAll_01,15,8,0,,SCF0
IDxxx,Msg,PT_CAN,0x6ff,DIAG_Req_All_Ecu,0,DiagReqAllEcuData2,23,8,0,,Diag_CAN,0x6ff,DIAG_Req_All_Ecu,0,DiagReqAllEcuData2,23,8,0,,SCF0
IDxxx,Msg,PT_CAN,0x6ff,DIAG_Req_All_Ecu,0,DiagReqAllEcuData2,23,8,0,,Info_CAN,0x6ee,MHU_FOTA_ReqAll,0,MHU_FOTA_ReqAll_02,23,8,0,,SCF0
IDxxx,Msg,PT_CAN,0x6ff,DIAG_Req_All_Ecu,0,DiagReqAllEcuData3,31,8,0,,Diag_CAN,0x6ff,DIAG_Req_All_Ecu,0,DiagReqAllEcuData3,31,8,0,,SCF0
IDxxx,Msg,PT_CAN,0x6ff,DIAG_Req_All_Ecu,0,DiagReqAllEcuData3,31,8,0,,Info_CAN,0x6ee,MHU_FOTA_ReqAll,0,MHU_FOTA_ReqAll_03,31,8,0,,SCF0
IDxxx,Msg,PT_CAN,0x6ff,DIAG_Req_All_Ecu,0,DiagReqAllEcuData4,39,8,0,,Diag_CAN,0x6ff,DIAG_Req_All_Ecu,0,DiagReqAllEcuData4,39,8,0,,SCF0
IDxxx,Msg,PT_CAN,0x6ff,DIAG_Req_All_Ecu,0,DiagReqAllEcuData4,39,8,0,,Info_CAN,0x6ee,MHU_FOTA_ReqAll,0,MHU_FOTA_ReqAll_04,39,8,0,,SCF0
IDxxx,Msg,PT_CAN,0x6ff,DIAG_Req_All_Ecu,0,DiagReqAllEcuData5,47,8,0,,Diag_CAN,0x6ff,DIAG_Req_All_Ecu,0,DiagReqAllEcuData5,47,8,0,,SCF0
IDxxx,Msg,PT_CAN,0x6ff,DIAG_Req_All_Ecu,0,DiagReqAllEcuData5,47,8,0,,Info_CAN,0x6ee,MHU_FOTA_ReqAll,0,MHU_FOTA_ReqAll_05,47,8,0,,SCF0
IDxxx,Msg,PT_CAN,0x6ff,DIAG_Req_All_Ecu,0,DiagReqAllEcuData6,55,8,0,,Diag_CAN,0x6ff,DIAG_Req_All_Ecu,0,DiagReqAllEcuData6,55,8,0,,SCF0
IDxxx,Msg,PT_CAN,0x6ff,DIAG_Req_All_Ecu,0,DiagReqAllEcuData6,55,8,0,,Info_CAN,0x6ee,MHU_FOTA_ReqAll,0,MHU_FOTA_ReqAll_06,55,8,0,,SCF0
IDxxx,Msg,PT_CAN,0x6ff,DIAG_Req_All_Ecu,0,DiagReqAllEcuData7,63,8,0,,Diag_CAN,0x6ff,DIAG_Req_All_Ecu,0,DiagReqAllEcuData7,63,8,0,,SCF0
IDxxx,Msg,PT_CAN,0x6ff,DIAG_Req_All_Ecu,0,DiagReqAllEcuData7,63,8,0,,Info_CAN,0x6ee,MHU_FOTA_ReqAll,0,MHU_FOTA_ReqAll_07,63,8,0,,SCF0
IDxxx,Msg,PT_CAN,0x7df,Diag_Request_ECU,0,Diag_Request_ECU_Data0,7,8,0,,Diag_CAN,0x6ff,DIAG_Req_All_Ecu,0,DiagReqAllEcuData0,7,8,0,,SCF0
IDxxx,Msg,PT_CAN,0x7df,Diag_Request_ECU,0,Diag_Request_ECU_Data0,7,8,0,,Info_CAN,0x6ee,MHU_FOTA_ReqAll,0,MHU_FOTA_ReqAll_00,7,8,0,,SCF0
IDxxx,Msg,PT_CAN,0x7df,Diag_Request_ECU,0,Diag_Request_ECU_Data1,15,8,0,,Diag_CAN,0x6ff,DIAG_Req_All_Ecu,0,DiagReqAllEcuData1,15,8,0,,SCF0
IDxxx,Msg,PT_CAN,0x7df,Diag_Request_ECU,0,Diag_Request_ECU_Data1,15,8,0,,Info_CAN,0x6ee,MHU_FOTA_ReqAll,0,MHU_FOTA_ReqAll_01,15,8,0,,SCF0
IDxxx,Msg,PT_CAN,0x7df,Diag_Request_ECU,0,Diag_Request_ECU_Data2,23,8,0,,Diag_CAN,0x6ff,DIAG_Req_All_Ecu,0,DiagReqAllEcuData2,23,8,0,,SCF0
IDxxx,Msg,PT_CAN,0x7df,Diag_Request_ECU,0,Diag_Request_ECU_Data2,23,8,0,,Info_CAN,0x6ee,MHU_FOTA_ReqAll,0,MHU_FOTA_ReqAll_02,23,8,0,,SCF0
IDxxx,Msg,PT_CAN,0x7df,Diag_Request_ECU,0,Diag_Request_ECU_Data3,31,8,0,,Diag_CAN,0x6ff,DIAG_Req_All_Ecu,0,DiagReqAllEcuData3,31,8,0,,SCF0
IDxxx,Msg,PT_CAN,0x7df,Diag_Request_ECU,0,Diag_Request_ECU_Data3,31,8,0,,Info_CAN,0x6ee,MHU_FOTA_ReqAll,0,MHU_FOTA_ReqAll_03,31,8,0,,SCF0
IDxxx,Msg,PT_CAN,0x7df,Diag_Request_ECU,0,Diag_Request_ECU_Data4,39,8,0,,Diag_CAN,0x6ff,DIAG_Req_All_Ecu,0,DiagReqAllEcuData4,39,8,0,,SCF0
IDxxx,Msg,PT_CAN,0x7df,Diag_Request_ECU,0,Diag_Request_ECU_Data4,39,8,0,,Info_CAN,0x6ee,MHU_FOTA_ReqAll,0,MHU_FOTA_ReqAll_04,39,8,0,,SCF0
IDxxx,Msg,PT_CAN,0x7df,Diag_Request_ECU,0,Diag_Request_ECU_Data5,47,8,0,,Diag_CAN,0x6ff,DIAG_Req_All_Ecu,0,DiagReqAllEcuData5,47,8,0,,SCF0
IDxxx,Msg,PT_CAN,0x7df,Diag_Request_ECU,0,Diag_Request_ECU_Data5,47,8,0,,Info_CAN,0x6ee,MHU_FOTA_ReqAll,0,MHU_FOTA_ReqAll_05,47,8,0,,SCF0
IDxxx,Msg,PT_CAN,0x7df,Diag_Request_ECU,0,Diag_Request_ECU_Data6,55,8,0,,Diag_CAN,0x6ff,DIAG_Req_All_Ecu,0,DiagReqAllEcuData6,55,8,0,,SCF0
IDxxx,Msg,PT_CAN,0x7df,Diag_Request_ECU,0,Diag_Request_ECU_Data6,55,8,0,,Info_CAN,0x6ee,MHU_FOTA_ReqAll,0,MHU_FOTA_ReqAll_06,55,8,0,,SCF0
IDxxx,Msg,PT_CAN,0x7df,Diag_Request_ECU,0,Diag_Request_ECU_Data7,63,8,0,,Diag_CAN,0x6ff,DIAG_Req_All_Ecu,0,DiagReqAllEcuData7,63,8,0,,SCF0
IDxxx,Msg,PT_CAN,0x7df,Diag_Request_ECU,0,Diag_Request_ECU_Data7,63,8,0,,Info_CAN,0x6ee,MHU_FOTA_ReqAll,0,MHU_FOTA_ReqAll_07,63,8,0,,SCF0
IDxxx,Msg,PT_CAN,0x69B,EDS_F_DiagReq,0,EDS_F_DiagReqData0,7,8,0,,Info_CAN,0x69B,EDS_F_DiagReq,0,EDS_F_DiagReqData0,7,8,0,,SCF0
IDxxx,Msg,PT_CAN,0x69B,EDS_F_DiagReq,0,EDS_F_DiagReqData1,15,8,0,,Info_CAN,0x69B,EDS_F_DiagReq,0,EDS_F_DiagReqData1,15,8,0,,SCF0
IDxxx,Msg,PT_CAN,0x69B,EDS_F_DiagReq,0,EDS_F_DiagReqData2,23,8,0,,Info_CAN,0x69B,EDS_F_DiagReq,0,EDS_F_DiagReqData2,23,8,0,,SCF0
IDxxx,Msg,PT_CAN,0x69B,EDS_F_DiagReq,0,EDS_F_DiagReqData3,31,8,0,,Info_CAN,0x69B,EDS_F_DiagReq,0,EDS_F_DiagReqData3,31,8,0,,SCF0
IDxxx,Msg,PT_CAN,0x69B,EDS_F_DiagReq,0,EDS_F_DiagReqData4,39,8,0,,Info_CAN,0x69B,EDS_F_DiagReq,0,EDS_F_DiagReqData4,39,8,0,,SCF0
IDxxx,Msg,PT_CAN,0x69B,EDS_F_DiagReq,0,EDS_F_DiagReqData5,47,8,0,,Info_CAN,0x69B,EDS_F_DiagReq,0,EDS_F_DiagReqData5,47,8,0,,SCF0
IDxxx,Msg,PT_CAN,0x69B,EDS_F_DiagReq,0,EDS_F_DiagReqData6,55,8,0,,Info_CAN,0x69B,EDS_F_DiagReq,0,EDS_F_DiagReqData6,55,8,0,,SCF0
IDxxx,Msg,PT_CAN,0x69B,EDS_F_DiagReq,0,EDS_F_DiagReqData7,63,8,0,,Info_CAN,0x69B,EDS_F_DiagReq,0,EDS_F_DiagReqData7,63,8,0,,SCF0
IDxxx,Msg,PT_CAN,0x69A,EDS_R_DiagReq,0,EDS_R_DiagReqData0,7,8,0,,Info_CAN,0x69A,EDS_R_DiagReq,0,EDS_R_DiagReqData0,7,8,0,,SCF0
IDxxx,Msg,PT_CAN,0x69A,EDS_R_DiagReq,0,EDS_R_DiagReqData1,15,8,0,,Info_CAN,0x69A,EDS_R_DiagReq,0,EDS_R_DiagReqData1,15,8,0,,SCF0
IDxxx,Msg,PT_CAN,0x69A,EDS_R_DiagReq,0,EDS_R_DiagReqData2,23,8,0,,Info_CAN,0x69A,EDS_R_DiagReq,0,EDS_R_DiagReqData2,23,8,0,,SCF0
IDxxx,Msg,PT_CAN,0x69A,EDS_R_DiagReq,0,EDS_R_DiagReqData3,31,8,0,,Info_CAN,0x69A,EDS_R_DiagReq,0,EDS_R_DiagReqData3,31,8,0,,SCF0
IDxxx,Msg,PT_CAN,0x69A,EDS_R_DiagReq,0,EDS_R_DiagReqData4,39,8,0,,Info_CAN,0x69A,EDS_R_DiagReq,0,EDS_R_DiagReqData4,39,8,0,,SCF0
IDxxx,Msg,PT_CAN,0x69A,EDS_R_DiagReq,0,EDS_R_DiagReqData5,47,8,0,,Info_CAN,0x69A,EDS_R_DiagReq,0,EDS_R_DiagReqData5,47,8,0,,SCF0
IDxxx,Msg,PT_CAN,0x69A,EDS_R_DiagReq,0,EDS_R_DiagReqData6,55,8,0,,Info_CAN,0x69A,EDS_R_DiagReq,0,EDS_R_DiagReqData6,55,8,0,,SCF0
IDxxx,Msg,PT_CAN,0x69A,EDS_R_DiagReq,0,EDS_R_DiagReqData7,63,8,0,,Info_CAN,0x69A,EDS_R_DiagReq,0,EDS_R_DiagReqData7,63,8,0,,SCF0
IDxxx,Msg,PT_CAN,0x6AB,EPS2_DiagReq,0,EPS2_DiagReqData0,7,8,0,,Info_CAN,0x6AB,EPS2_DiagReq,0,EPS2_DiagReqData0,7,8,0,,SCF0
IDxxx,Msg,PT_CAN,0x6AB,EPS2_DiagReq,0,EPS2_DiagReqData1,15,8,0,,Info_CAN,0x6AB,EPS2_DiagReq,0,EPS2_DiagReqData1,15,8,0,,SCF0
IDxxx,Msg,PT_CAN,0x6AB,EPS2_DiagReq,0,EPS2_DiagReqData2,23,8,0,,Info_CAN,0x6AB,EPS2_DiagReq,0,EPS2_DiagReqData2,23,8,0,,SCF0
IDxxx,Msg,PT_CAN,0x6AB,EPS2_DiagReq,0,EPS2_DiagReqData3,31,8,0,,Info_CAN,0x6AB,EPS2_DiagReq,0,EPS2_DiagReqData3,31,8,0,,SCF0
IDxxx,Msg,PT_CAN,0x6AB,EPS2_DiagReq,0,EPS2_DiagReqData4,39,8,0,,Info_CAN,0x6AB,EPS2_DiagReq,0,EPS2_DiagReqData4,39,8,0,,SCF0
IDxxx,Msg,PT_CAN,0x6AB,EPS2_DiagReq,0,EPS2_DiagReqData5,47,8,0,,Info_CAN,0x6AB,EPS2_DiagReq,0,EPS2_DiagReqData5,47,8,0,,SCF0
IDxxx,Msg,PT_CAN,0x6AB,EPS2_DiagReq,0,EPS2_DiagReqData6,55,8,0,,Info_CAN,0x6AB,EPS2_DiagReq,0,EPS2_DiagReqData6,55,8,0,,SCF0
IDxxx,Msg,PT_CAN,0x6AB,EPS2_DiagReq,0,EPS2_DiagReqData7,63,8,0,,Info_CAN,0x6AB,EPS2_DiagReq,0,EPS2_DiagReqData7,63,8,0,,SCF0
IDxxx,Msg,PT_CAN,0x690,GS_DiagReq,0,GS_DiagReqData0,7,8,0,,Info_CAN,0x690,GS_DiagReq,0,GS_DiagReqData0,7,8,0,,SCF0
IDxxx,Msg,PT_CAN,0x690,GS_DiagReq,0,GS_DiagReqData1,15,8,0,,Info_CAN,0x690,GS_DiagReq,0,GS_DiagReqData1,15,8,0,,SCF0
IDxxx,Msg,PT_CAN,0x690,GS_DiagReq,0,GS_DiagReqData2,23,8,0,,Info_CAN,0x690,GS_DiagReq,0,GS_DiagReqData2,23,8,0,,SCF0
IDxxx,Msg,PT_CAN,0x690,GS_DiagReq,0,GS_DiagReqData3,31,8,0,,Info_CAN,0x690,GS_DiagReq,0,GS_DiagReqData3,31,8,0,,SCF0
IDxxx,Msg,PT_CAN,0x690,GS_DiagReq,0,GS_DiagReqData4,39,8,0,,Info_CAN,0x690,GS_DiagReq,0,GS_DiagReqData4,39,8,0,,SCF0
IDxxx,Msg,PT_CAN,0x690,GS_DiagReq,0,GS_DiagReqData5,47,8,0,,Info_CAN,0x690,GS_DiagReq,0,GS_DiagReqData5,47,8,0,,SCF0
IDxxx,Msg,PT_CAN,0x690,GS_DiagReq,0,GS_DiagReqData6,55,8,0,,Info_CAN,0x690,GS_DiagReq,0,GS_DiagReqData6,55,8,0,,SCF0
IDxxx,Msg,PT_CAN,0x690,GS_DiagReq,0,GS_DiagReqData7,63,8,0,,Info_CAN,0x690,GS_DiagReq,0,GS_DiagReqData7,63,8,0,,SCF0
IDxxx,Msg,PT_CAN,0x69B,EDS_F_DiagReq,0,EDS_F_DiagReqData0,7,8,0,,Diag_CAN,0x69B,EDS_F_DiagReq,0,EDS_F_DiagReqData0,7,8,0,,SCF0
IDxxx,Msg,PT_CAN,0x69B,EDS_F_DiagReq,0,EDS_F_DiagReqData1,15,8,0,,Diag_CAN,0x69B,EDS_F_DiagReq,0,EDS_F_DiagReqData1,15,8,0,,SCF0
IDxxx,Msg,PT_CAN,0x69B,EDS_F_DiagReq,0,EDS_F_DiagReqData2,23,8,0,,Diag_CAN,0x69B,EDS_F_DiagReq,0,EDS_F_DiagReqData2,23,8,0,,SCF0
IDxxx,Msg,PT_CAN,0x69B,EDS_F_DiagReq,0,EDS_F_DiagReqData3,31,8,0,,Diag_CAN,0x69B,EDS_F_DiagReq,0,EDS_F_DiagReqData3,31,8,0,,SCF0
IDxxx,Msg,PT_CAN,0x69B,EDS_F_DiagReq,0,EDS_F_DiagReqData4,39,8,0,,Diag_CAN,0x69B,EDS_F_DiagReq,0,EDS_F_DiagReqData4,39,8,0,,SCF0
IDxxx,Msg,PT_CAN,0x69B,EDS_F_DiagReq,0,EDS_F_DiagReqData5,47,8,0,,Diag_CAN,0x69B,EDS_F_DiagReq,0,EDS_F_DiagReqData5,47,8,0,,SCF0
IDxxx,Msg,PT_CAN,0x69B,EDS_F_DiagReq,0,EDS_F_DiagReqData6,55,8,0,,Diag_CAN,0x69B,EDS_F_DiagReq,0,EDS_F_DiagReqData6,55,8,0,,SCF0
IDxxx,Msg,PT_CAN,0x69B,EDS_F_DiagReq,0,EDS_F_DiagReqData7,63,8,0,,Diag_CAN,0x69B,EDS_F_DiagReq,0,EDS_F_DiagReqData7,63,8,0,,SCF0
IDxxx,Msg,PT_CAN,0x69A,EDS_R_DiagReq,0,EDS_R_DiagReqData0,7,8,0,,Diag_CAN,0x69A,EDS_R_DiagReq,0,EDS_R_DiagReqData0,7,8,0,,SCF0
IDxxx,Msg,PT_CAN,0x69A,EDS_R_DiagReq,0,EDS_R_DiagReqData1,15,8,0,,Diag_CAN,0x69A,EDS_R_DiagReq,0,EDS_R_DiagReqData1,15,8,0,,SCF0
IDxxx,Msg,PT_CAN,0x69A,EDS_R_DiagReq,0,EDS_R_DiagReqData2,23,8,0,,Diag_CAN,0x69A,EDS_R_DiagReq,0,EDS_R_DiagReqData2,23,8,0,,SCF0
IDxxx,Msg,PT_CAN,0x69A,EDS_R_DiagReq,0,EDS_R_DiagReqData3,31,8,0,,Diag_CAN,0x69A,EDS_R_DiagReq,0,EDS_R_DiagReqData3,31,8,0,,SCF0
IDxxx,Msg,PT_CAN,0x69A,EDS_R_DiagReq,0,EDS_R_DiagReqData4,39,8,0,,Diag_CAN,0x69A,EDS_R_DiagReq,0,EDS_R_DiagReqData4,39,8,0,,SCF0
IDxxx,Msg,PT_CAN,0x69A,EDS_R_DiagReq,0,EDS_R_DiagReqData5,47,8,0,,Diag_CAN,0x69A,EDS_R_DiagReq,0,EDS_R_DiagReqData5,47,8,0,,SCF0
IDxxx,Msg,PT_CAN,0x69A,EDS_R_DiagReq,0,EDS_R_DiagReqData6,55,8,0,,Diag_CAN,0x69A,EDS_R_DiagReq,0,EDS_R_DiagReqData6,55,8,0,,SCF0
IDxxx,Msg,PT_CAN,0x69A,EDS_R_DiagReq,0,EDS_R_DiagReqData7,63,8,0,,Diag_CAN,0x69A,EDS_R_DiagReq,0,EDS_R_DiagReqData7,63,8,0,,SCF0
IDxxx,Msg,PT_CAN,0x6AB,EPS2_DiagReq,0,EPS2_DiagReqData0,7,8,0,,Diag_CAN,0x6AB,EPS2_DiagReq,0,EPS2_DiagReqData0,7,8,0,,SCF0
IDxxx,Msg,PT_CAN,0x6AB,EPS2_DiagReq,0,EPS2_DiagReqData1,15,8,0,,Diag_CAN,0x6AB,EPS2_DiagReq,0,EPS2_DiagReqData1,15,8,0,,SCF0
IDxxx,Msg,PT_CAN,0x6AB,EPS2_DiagReq,0,EPS2_DiagReqData2,23,8,0,,Diag_CAN,0x6AB,EPS2_DiagReq,0,EPS2_DiagReqData2,23,8,0,,SCF0
IDxxx,Msg,PT_CAN,0x6AB,EPS2_DiagReq,0,EPS2_DiagReqData3,31,8,0,,Diag_CAN,0x6AB,EPS2_DiagReq,0,EPS2_DiagReqData3,31,8,0,,SCF0
IDxxx,Msg,PT_CAN,0x6AB,EPS2_DiagReq,0,EPS2_DiagReqData4,39,8,0,,Diag_CAN,0x6AB,EPS2_DiagReq,0,EPS2_DiagReqData4,39,8,0,,SCF0
IDxxx,Msg,PT_CAN,0x6AB,EPS2_DiagReq,0,EPS2_DiagReqData5,47,8,0,,Diag_CAN,0x6AB,EPS2_DiagReq,0,EPS2_DiagReqData5,47,8,0,,SCF0
IDxxx,Msg,PT_CAN,0x6AB,EPS2_DiagReq,0,EPS2_DiagReqData6,55,8,0,,Diag_CAN,0x6AB,EPS2_DiagReq,0,EPS2_DiagReqData6,55,8,0,,SCF0
IDxxx,Msg,PT_CAN,0x6AB,EPS2_DiagReq,0,EPS2_DiagReqData7,63,8,0,,Diag_CAN,0x6AB,EPS2_DiagReq,0,EPS2_DiagReqData7,63,8,0,,SCF0
IDxxx,Msg,PT_CAN,0x690,GS_DiagReq,0,GS_DiagReqData0,7,8,0,,Diag_CAN,0x690,GS_DiagReq,0,GS_DiagReqData0,7,8,0,,SCF0
IDxxx,Msg,PT_CAN,0x690,GS_DiagReq,0,GS_DiagReqData1,15,8,0,,Diag_CAN,0x690,GS_DiagReq,0,GS_DiagReqData1,15,8,0,,SCF0
IDxxx,Msg,PT_CAN,0x690,GS_DiagReq,0,GS_DiagReqData2,23,8,0,,Diag_CAN,0x690,GS_DiagReq,0,GS_DiagReqData2,23,8,0,,SCF0
IDxxx,Msg,PT_CAN,0x690,GS_DiagReq,0,GS_DiagReqData3,31,8,0,,Diag_CAN,0x690,GS_DiagReq,0,GS_DiagReqData3,31,8,0,,SCF0
IDxxx,Msg,PT_CAN,0x690,GS_DiagReq,0,GS_DiagReqData4,39,8,0,,Diag_CAN,0x690,GS_DiagReq,0,GS_DiagReqData4,39,8,0,,SCF0
IDxxx,Msg,PT_CAN,0x690,GS_DiagReq,0,GS_DiagReqData5,47,8,0,,Diag_CAN,0x690,GS_DiagReq,0,GS_DiagReqData5,47,8,0,,SCF0
IDxxx,Msg,PT_CAN,0x690,GS_DiagReq,0,GS_DiagReqData6,55,8,0,,Diag_CAN,0x690,GS_DiagReq,0,GS_DiagReqData6,55,8,0,,SCF0
IDxxx,Msg,PT_CAN,0x690,GS_DiagReq,0,GS_DiagReqData7,63,8,0,,Diag_CAN,0x690,GS_DiagReq,0,GS_DiagReqData7,63,8,0,,SCF0
IDxxx,Msg,PT_CAN,0x330,IC_MILEAGE,100,FLLV_FUTA,31,8,0,,Body_CAN,0x330,IC_MILEAGE,100,FLLV_FUTA,31,8,0,,SCF0
IDxxx,Msg,PT_CAN,0x330,IC_MILEAGE,100,MILE_KM,7,24,0,,Body_CAN,0x330,IC_MILEAGE,100,MILE_KM,7,24,0,,SCF0
IDxxx,Msg,PT_CAN,0x330,IC_MILEAGE,100,RNG,51,12,0,,Body_CAN,0x330,IC_MILEAGE,100,RNG,51,12,0,,SCF0
IDxxx,Msg,PT_CAN,0x330,IC_MILEAGE,100,ST_FLLV_FUTA_SPAR,55,2,0,,Body_CAN,0x330,IC_MILEAGE,100,ST_FLLV_FUTA_SPAR,55,2,0,,SCF0
IDxxx,Msg,PT_CAN,0x20C,IC_ODO,100,ALIV_IC_ODO,11,4,0,,Info_CAN,0x20C,IC_ODO,100,ALIV_IC_ODO,11,4,0,,SCF0
IDxxx,Msg,PT_CAN,0x20C,IC_ODO,100,CHKSM_IC_ODO,7,8,0,,Info_CAN,0x20C,IC_ODO,100,CHKSM_IC_ODO,7,8,0,,SCF0
IDxxx,Msg,PT_CAN,0x20C,IC_ODO,100,MHU_Odometer_IC,23,20,0,,Info_CAN,0x20C,IC_ODO,100,MHU_Odometer_IC,23,20,0,,SCF0
IDxxx,Msg,PT_CAN,0x2CA,IC_SENSOR,100,ALV_IC_SENSOR,11,4,0,,Info_CAN,0x2CA,IC_SENSOR,100,ALV_IC_SENSOR,11,4,0,,SCF0
IDxxx,Msg,PT_CAN,0x2CA,IC_SENSOR,100,CHKSM_IC_SENSOR,7,8,0,,Info_CAN,0x2CA,IC_SENSOR,100,CHKSM_IC_SENSOR,7,8,0,,SCF0
IDxxx,Msg,PT_CAN,0x2CA,IC_SENSOR,100,MHU_STAT_AmbientTemp,39,8,80,,Info_CAN,0x2CA,IC_SENSOR,100,MHU_STAT_AmbientTemp,39,8,80,,SCF0
IDxxx,Msg,PT_CAN,0x2CA,IC_SENSOR,100,MHU_STAT_AmbientTempRaw,23,8,80,,Info_CAN,0x2CA,IC_SENSOR,100,MHU_STAT_AmbientTempRaw,23,8,80,,SCF0
IDxxx,Msg,PT_CAN,0x2CA,IC_SENSOR,100,MHU_STAT_CoolantLevelStatus,47,2,0,,Info_CAN,0x2CA,IC_SENSOR,100,MHU_STAT_CoolantLevelStatus,47,2,0,,SCF0
IDxxx,Msg,PT_CAN,0x2CA,IC_SENSOR,100,MHU_STAT_FuelLevel,31,8,0,,Info_CAN,0x2CA,IC_SENSOR,100,MHU_STAT_FuelLevel,31,8,0,,SCF0
IDxxx,Msg,PT_CAN,0x6a9,IDB_DiagReq,0,IDB_DiagReqData0,7,8,0,,Diag_CAN,0x6a9,IDB_DiagReq,0,IDB_DiagReqData0,7,8,0,,SCF0
IDxxx,Msg,PT_CAN,0x6a9,IDB_DiagReq,0,IDB_DiagReqData0,7,8,0,,Info_CAN,0x6a9,IDB_DiagReq,0,IDB_DiagReqData0,7,8,0,,SCF0
IDxxx,Msg,PT_CAN,0x6a9,IDB_DiagReq,0,IDB_DiagReqData1,15,8,0,,Diag_CAN,0x6a9,IDB_DiagReq,0,IDB_DiagReqData1,15,8,0,,SCF0
IDxxx,Msg,PT_CAN,0x6a9,IDB_DiagReq,0,IDB_DiagReqData1,15,8,0,,Info_CAN,0x6a9,IDB_DiagReq,0,IDB_DiagReqData1,15,8,0,,SCF0
IDxxx,Msg,PT_CAN,0x6a9,IDB_DiagReq,0,IDB_DiagReqData2,23,8,0,,Diag_CAN,0x6a9,IDB_DiagReq,0,IDB_DiagReqData2,23,8,0,,SCF0
IDxxx,Msg,PT_CAN,0x6a9,IDB_DiagReq,0,IDB_DiagReqData2,23,8,0,,Info_CAN,0x6a9,IDB_DiagReq,0,IDB_DiagReqData2,23,8,0,,SCF0
IDxxx,Msg,PT_CAN,0x6a9,IDB_DiagReq,0,IDB_DiagReqData3,31,8,0,,Diag_CAN,0x6a9,IDB_DiagReq,0,IDB_DiagReqData3,31,8,0,,SCF0
IDxxx,Msg,PT_CAN,0x6a9,IDB_DiagReq,0,IDB_DiagReqData3,31,8,0,,Info_CAN,0x6a9,IDB_DiagReq,0,IDB_DiagReqData3,31,8,0,,SCF0
IDxxx,Msg,PT_CAN,0x6a9,IDB_DiagReq,0,IDB_DiagReqData4,39,8,0,,Diag_CAN,0x6a9,IDB_DiagReq,0,IDB_DiagReqData4,39,8,0,,SCF0
IDxxx,Msg,PT_CAN,0x6a9,IDB_DiagReq,0,IDB_DiagReqData4,39,8,0,,Info_CAN,0x6a9,IDB_DiagReq,0,IDB_DiagReqData4,39,8,0,,SCF0
IDxxx,Msg,PT_CAN,0x6a9,IDB_DiagReq,0,IDB_DiagReqData5,47,8,0,,Diag_CAN,0x6a9,IDB_DiagReq,0,IDB_DiagReqData5,47,8,0,,SCF0
IDxxx,Msg,PT_CAN,0x6a9,IDB_DiagReq,0,IDB_DiagReqData5,47,8,0,,Info_CAN,0x6a9,IDB_DiagReq,0,IDB_DiagReqData5,47,8,0,,SCF0
IDxxx,Msg,PT_CAN,0x6a9,IDB_DiagReq,0,IDB_DiagReqData6,55,8,0,,Diag_CAN,0x6a9,IDB_DiagReq,0,IDB_DiagReqData6,55,8,0,,SCF0
IDxxx,Msg,PT_CAN,0x6a9,IDB_DiagReq,0,IDB_DiagReqData6,55,8,0,,Info_CAN,0x6a9,IDB_DiagReq,0,IDB_DiagReqData6,55,8,0,,SCF0
IDxxx,Msg,PT_CAN,0x6a9,IDB_DiagReq,0,IDB_DiagReqData7,63,8,0,,Diag_CAN,0x6a9,IDB_DiagReq,0,IDB_DiagReqData7,63,8,0,,SCF0
IDxxx,Msg,PT_CAN,0x6a9,IDB_DiagReq,0,IDB_DiagReqData7,63,8,0,,Info_CAN,0x6a9,IDB_DiagReq,0,IDB_DiagReqData7,63,8,0,,SCF0
IDxxx,Sig,PT_CAN,0x3F7,MFS_Control_Button,1000,MFS_Four_Right,36,2,0,,XGW_LIN1,0x04,MFS_CRUISE_CONT,140,MFS_Four_Right,15,2,Refer LIN Database,,SCF0
IDxxx,Sig,PT_CAN,0x3F7,MFS_Control_Button,1000,MFS_Seven_Right,34,3,0,,XGW_LIN1,0x04,MFS_CRUISE_CONT,140,MFS_Seven_Right,12,3,Refer LIN Database,,SCF0
IDxxx,Sig,PT_CAN,0x3F7,MFS_Control_Button,1000,MFS_Five_Right,28,3,0,,XGW_LIN1,0x04,MFS_CRUISE_CONT,140,MFS_Five_Right,9,3,Refer LIN Database,,SCF0
IDxxx,Sig,PT_CAN,0x3F7,MFS_Control_Button,1000,MFS_Three_Right,31,3,0,,XGW_LIN1,0x04,MFS_CRUISE_CONT,140,MFS_Three_Right,0,3,Refer LIN Database,,SCF0
IDxxx,Sig,PT_CAN,0x3F7,MFS_Control_Button,1000,MFS_Eight_Right,39,3,0,,XGW_LIN1,0x04,MFS_CRUISE_CONT,140,MFS_Eight_Right,6,3,Refer LIN Database,,SCF0
IDxxx,Sig,PT_CAN,0x3F7,MFS_Control_Button,1000,MFS_Six_Right,20,3,0,,XGW_LIN1,0x04,MFS_CRUISE_CONT,140,MFS_Six_Right,3,3,Refer LIN Database,,SCF0
IDxxx,Sig,PT_CAN,0x3F7,MFS_Control_Button,1000,MFS_Eight_Left,52,3,0,,XGW_LIN1,0x2B,MFS_Control_Button,140,MFS_Eight_Left,6,3,Refer LIN Database,,SCF0
IDxxx,Sig,PT_CAN,0x3F7,MFS_Control_Button,1000,MFS_Failure,57,1,0,,XGW_LIN1,0x2B,MFS_Control_Button,140,MFS_Failure,22,1,Refer LIN Database,,SCF0
IDxxx,Sig,PT_CAN,0x3F7,MFS_Control_Button,1000,MFS_One_Right,17,2,0,,XGW_LIN1,0x2B,MFS_Control_Button,140,MFS_One_Right,20,2,Refer LIN Database,,SCF0
IDxxx,Sig,PT_CAN,0x3F7,MFS_Control_Button,1000,MFS_Seven_Left,55,3,0,,XGW_LIN1,0x2B,MFS_Control_Button,140,MFS_Seven_Left,9,3,Refer LIN Database,,SCF0
IDxxx,Sig,PT_CAN,0x3F7,MFS_Control_Button,1000,MFS_LKAControl,25,2,0,,XGW_LIN1,0x2B,MFS_Control_Button,140,MFS_LKAControl,18,2,Refer LIN Database,,SCF0
IDxxx,Sig,PT_CAN,0x3F7,MFS_Control_Button,1000,MFS_Four_Left,63,3,0,,XGW_LIN1,0x2B,MFS_Control_Button,140,MFS_Four_Left,15,3,Refer LIN Database,,SCF0
IDxxx,Sig,PT_CAN,0x3F7,MFS_Control_Button,1000,MFS_Five_Left,60,3,0,,XGW_LIN1,0x2B,MFS_Control_Button,140,MFS_Five_Left,12,3,Refer LIN Database,,SCF0
IDxxx,Sig,PT_CAN,0x3F7,MFS_Control_Button,1000,MFS_Three_Left,44,3,0,,XGW_LIN1,0x2B,MFS_Control_Button,140,MFS_Three_Left,0,3,Refer LIN Database,,SCF0
IDxxx,Sig,PT_CAN,0x3F7,MFS_Control_Button,1000,MFS_One_Left,23,3,0,,XGW_LIN1,0x03,MFS_BC_VOL_CONT,140,MFS_One_Left,0,3,Refer LIN Database,,SCF0
IDxxx,Sig,PT_CAN,0x3F7,MFS_Control_Button,1000,MFS_Six_Left,47,3,0,,XGW_LIN1,0x2B,MFS_Control_Button,140,MFS_Six_Left,3,3,Refer LIN Database,,SCF0
IDxxx,Sig,PT_CAN,0x3F7,MFS_Control_Button,1000,MFS_Two_Left,15,3,0,,XGW_LIN1,0x03,MFS_BC_VOL_CONT,140,MFS_Two_Left,3,3,Refer LIN Database,,SCF0
IDxxx,Sig,PT_CAN,0x3F7,MFS_Control_Button,1000,MFS_Two_Right,41,2,0,,XGW_LIN1,0x2B,MFS_Control_Button,140,MFS_LKAControl,18,2,Refer LIN Database,,SCF0
IDxxx,Msg,PT_CAN,0x447,MHU_CarMode_Switch,200,ALV_MHU_SET_CarMode,11,4,0,,Info_CAN,0x447,MHU_CarMode_Switch,200,ALV_MHU_SET_CarMode,11,4,0,,SCF0
IDxxx,Msg,PT_CAN,0x447,MHU_CarMode_Switch,200,CHKSM_MHU_SET_CarMode,7,8,0,,Info_CAN,0x447,MHU_CarMode_Switch,200,CHKSM_MHU_SET_CarMode,7,8,0,,SCF0
IDxxx,Msg,PT_CAN,0x447,MHU_CarMode_Switch,200,MHU_AVH_Sw,35,2,0,,Info_CAN,0x447,MHU_CarMode_Switch,200,MHU_AVH_Sw,35,2,0,,SCF0
IDxxx,Msg,PT_CAN,0x447,MHU_CarMode_Switch,200,MHU_Req_StoppingMode,29,3,4,,Info_CAN,0x447,MHU_CarMode_Switch,200,MHU_Req_StoppingMode,29,3,4,,SCF0
IDxxx,Msg,PT_CAN,0x447,MHU_CarMode_Switch,200,MHU_Request_CarOFF,17,2,0,,Info_CAN,0x447,MHU_CarMode_Switch,200,MHU_Request_CarOFF,17,2,0,,SCF0
IDxxx,Msg,PT_CAN,0x447,MHU_CarMode_Switch,200,MHU_SET_ChildMode,19,2,0,,Info_CAN,0x447,MHU_CarMode_Switch,200,MHU_SET_ChildMode,19,2,0,,SCF0
IDxxx,Msg,PT_CAN,0x447,MHU_CarMode_Switch,200,MHU_SET_GameMode,21,2,0,,Info_CAN,0x447,MHU_CarMode_Switch,200,MHU_SET_GameMode,21,2,0,,SCF0
IDxxx,Msg,PT_CAN,0x447,MHU_CarMode_Switch,200,MHU_SET_KaraokeMode,23,2,0,,Info_CAN,0x447,MHU_CarMode_Switch,200,MHU_SET_KaraokeMode,23,2,0,,SCF0
IDxxx,Msg,PT_CAN,0x447,MHU_CarMode_Switch,200,MHU_SET_StopMode,33,2,0,,Info_CAN,0x447,MHU_CarMode_Switch,200,MHU_SET_StopMode,33,2,0,,SCF0
IDxxx,Msg,PT_CAN,0x447,MHU_CarMode_Switch,200,MHU_SET_WashMode,31,2,0,,Info_CAN,0x447,MHU_CarMode_Switch,200,MHU_SET_WashMode,31,2,0,,SCF0
IDxxx,Msg,PT_CAN,0x405,MHU_CCUF_ClimateSetting,0,MHU_SET_CCUF_FrontDefrost,47,2,0,,Info_CAN,0x405,MHU_CCUF_ClimateSetting,0,MHU_SET_CCUF_FrontDefrost,47,2,0,,SCF0
IDxxx,Msg,PT_CAN,0x2F8,MHU_DATE_TIME,1000,DISP_DATE_DAY,31,8,1,,Info_CAN,0x2F8,MHU_DATE_TIME,1000,DISP_DATE_DAY,31,8,1,,SCF0
IDxxx,Msg,PT_CAN,0x2F8,MHU_DATE_TIME,1000,DISP_DATE_MON,35,4,1,,Info_CAN,0x2F8,MHU_DATE_TIME,1000,DISP_DATE_MON,35,4,1,,SCF0
IDxxx,Msg,PT_CAN,0x2F8,MHU_DATE_TIME,1000,DISP_DATE_WDAY,39,4,0,,Info_CAN,0x2F8,MHU_DATE_TIME,1000,DISP_DATE_WDAY,39,4,0,,SCF0
IDxxx,Msg,PT_CAN,0x2F8,MHU_DATE_TIME,1000,DISP_DATE_YR,47,16,1,,Info_CAN,0x2F8,MHU_DATE_TIME,1000,DISP_DATE_YR,47,16,1,,SCF0
IDxxx,Msg,PT_CAN,0x2F8,MHU_DATE_TIME,1000,DISP_HR,7,8,0,,Info_CAN,0x2F8,MHU_DATE_TIME,1000,DISP_HR,7,8,0,,SCF0
IDxxx,Msg,PT_CAN,0x2F8,MHU_DATE_TIME,1000,DISP_MN,15,8,0,,Info_CAN,0x2F8,MHU_DATE_TIME,1000,DISP_MN,15,8,0,,SCF0
IDxxx,Msg,PT_CAN,0x2F8,MHU_DATE_TIME,1000,DISP_SEC,23,8,0,,Info_CAN,0x2F8,MHU_DATE_TIME,1000,DISP_SEC,23,8,0,,SCF0
IDxxx,Msg,PT_CAN,0x2F8,MHU_DATE_TIME,1000,ST_DISP_CTI_DATE,63,4,0,,Info_CAN,0x2F8,MHU_DATE_TIME,1000,ST_DISP_CTI_DATE,63,4,0,,SCF0
IDxxx,Msg,PT_CAN,0x2F9,MHU_DATE_TIME_UTC,1000,DISP_DATE_DAY_UTC,31,8,1,,Info_CAN,0x2F9,MHU_DATE_TIME_UTC,1000,DISP_DATE_DAY_UTC,31,8,1,,SCF0
IDxxx,Msg,PT_CAN,0x2F9,MHU_DATE_TIME_UTC,1000,DISP_DATE_MON_UTC,35,4,1,,Info_CAN,0x2F9,MHU_DATE_TIME_UTC,1000,DISP_DATE_MON_UTC,35,4,1,,SCF0
IDxxx,Msg,PT_CAN,0x2F9,MHU_DATE_TIME_UTC,1000,DISP_DATE_YR_UTC,47,16,1,,Info_CAN,0x2F9,MHU_DATE_TIME_UTC,1000,DISP_DATE_YR_UTC,47,16,1,,SCF0
IDxxx,Msg,PT_CAN,0x2F9,MHU_DATE_TIME_UTC,1000,DISP_HR_UTC,7,8,0,,Info_CAN,0x2F9,MHU_DATE_TIME_UTC,1000,DISP_HR_UTC,7,8,0,,SCF0
IDxxx,Msg,PT_CAN,0x2F9,MHU_DATE_TIME_UTC,1000,DISP_MN_UTC,15,8,0,,Info_CAN,0x2F9,MHU_DATE_TIME_UTC,1000,DISP_MN_UTC,15,8,0,,SCF0
IDxxx,Msg,PT_CAN,0x2F9,MHU_DATE_TIME_UTC,1000,DISP_SEC_UTC,23,8,0,,Info_CAN,0x2F9,MHU_DATE_TIME_UTC,1000,DISP_SEC_UTC,23,8,0,,SCF0
IDxxx,Msg,PT_CAN,0x40D,MHU_DIGIT_SPEED,120,CHKSM_MHU_DIGIT_SPEED,7,8,0,,Info_CAN,0x40D,MHU_DIGIT_SPEED,120,CHKSM_MHU_DIGIT_SPEED,7,8,0,,SCF0
IDxxx,Msg,PT_CAN,0x40D,MHU_DIGIT_SPEED,120,ALV_MHU_DIGIT_SPEED,11,4,0,,Info_CAN,0x40D,MHU_DIGIT_SPEED,120,ALV_MHU_DIGIT_SPEED,11,4,0,,SCF0
IDxxx,Msg,PT_CAN,0x40D,MHU_DIGIT_SPEED,120,MHU_DigitSpeed,23,9,0,,Info_CAN,0x40D,MHU_DIGIT_SPEED,120,MHU_DigitSpeed,23,9,0,,SCF0
IDxxx,Msg,PT_CAN,0x403,MHU_EvSetting,100,ALV_MHU_EVSetting,11,4,0,,Info_CAN,0x403,MHU_EvSetting,100,ALV_MHU_EVSetting,11,4,0,,SCF0
IDxxx,Msg,PT_CAN,0x403,MHU_EvSetting,100,CHKSM_MHU_EVSetting,7,8,0,,Info_CAN,0x403,MHU_EvSetting,100,CHKSM_MHU_EVSetting,7,8,0,,SCF0
IDxxx,Msg,PT_CAN,0x403,MHU_EvSetting,100,MHU_SpdLim_Override,14,3,0,,Info_CAN,0x403,MHU_EvSetting,100,MHU_SpdLim_Override,14,3,0,,SCF0
IDxxx,Msg,PT_CAN,0x403,MHU_EvSetting,100,MHU_AutoP_Setting,17,2,2,,Info_CAN,0x403,MHU_EvSetting,100,MHU_AutoP_Setting,17,2,2,,SCF0
IDxxx,Msg,PT_CAN,0x403,MHU_EvSetting,100,MHU_BrakeRegenMode,23,2,0,,Info_CAN,0x403,MHU_EvSetting,100,MHU_BrakeRegenMode,23,2,0,,SCF0
IDxxx,Msg,PT_CAN,0x403,MHU_EvSetting,100,MHU_ChargeScheduleSet,33,2,2,,Info_CAN,0x403,MHU_EvSetting,100,MHU_ChargeScheduleSet,33,2,2,,SCF0
IDxxx,Msg,PT_CAN,0x403,MHU_EvSetting,100,MHU_ChargeSetTargetSOC,30,7,80,,Info_CAN,0x403,MHU_EvSetting,100,MHU_ChargeSetTargetSOC,30,7,80,,SCF0
IDxxx,Msg,PT_CAN,0x403,MHU_EvSetting,100,MHU_ChargingCurrentLimit,61,6,6,,Info_CAN,0x403,MHU_EvSetting,100,MHU_ChargingCurrentLimit,61,6,6,,SCF0
IDxxx,Msg,PT_CAN,0x403,MHU_EvSetting,100,MHU_ChargingRequest,35,2,3,,Info_CAN,0x403,MHU_EvSetting,100,MHU_ChargingRequest,35,2,3,,SCF0
IDxxx,Msg,PT_CAN,0x403,MHU_EvSetting,100,MHU_ChgPort_Open_req,37,2,0,,Info_CAN,0x403,MHU_EvSetting,100,MHU_ChgPort_Open_req,37,2,0,,SCF0
IDxxx,Msg,PT_CAN,0x403,MHU_EvSetting,100,MHU_SET_ActivePreCondition,63,2,0,,Info_CAN,0x403,MHU_EvSetting,100,MHU_SET_ActivePreCondition,63,2,0,,SCF0
IDxxx,Msg,PT_CAN,0x403,MHU_EvSetting,100,MHU_SET_DrivingModeSwitch,39,2,3,,Info_CAN,0x403,MHU_EvSetting,100,MHU_SET_DrivingModeSwitch,39,2,3,,SCF0
IDxxx,Msg,PT_CAN,0x403,MHU_EvSetting,100,MHU_ValetMode_Activation,47,8,2,,Info_CAN,0x403,MHU_EvSetting,100,MHU_ValetMode_Activation,47,8,2,,SCF0
IDxxx,Msg,PT_CAN,0x403,MHU_EvSetting,100,MHU_ValetMode_MaxSpeed,55,8,255,,Info_CAN,0x403,MHU_EvSetting,100,MHU_ValetMode_MaxSpeed,55,8,255,,SCF0
IDxxx,Msg,PT_CAN,0x403,MHU_EvSetting,100,MHU_VCU_CreepDisable_stt,21,1,0,,Info_CAN,0x403,MHU_EvSetting,100,MHU_VCU_CreepDisable_stt,21,1,0,,SCF0
IDxxx,Msg,PT_CAN,0x432,MHU_FOTA_STATUS,500,MHU_FOTA_Alive_Counter,11,4,0,,Info_CAN,0x432,MHU_FOTA_STATUS,500,MHU_FOTA_Alive_Counter,11,4,0,,SCF0
IDxxx,Msg,PT_CAN,0x432,MHU_FOTA_STATUS,500,MHU_FOTA_Checksum,7,8,0,,Info_CAN,0x432,MHU_FOTA_STATUS,500,MHU_FOTA_Checksum,7,8,0,,SCF0
IDxxx,Msg,PT_CAN,0x432,MHU_FOTA_STATUS,500,MHU_FOTA_Error_Code,23,8,0,,Info_CAN,0x432,MHU_FOTA_STATUS,500,MHU_FOTA_Error_Code,23,8,0,,SCF0
IDxxx,Msg,PT_CAN,0x432,MHU_FOTA_STATUS,500,MHU_FOTA_State,15,4,0,,Info_CAN,0x432,MHU_FOTA_STATUS,500,MHU_FOTA_State,15,4,0,,SCF0
IDxxx,Msg,PT_CAN,0x85,ACM_CRASH_INFO,20,CHKSM_CRASH_Sts,7,8,0,,Body_CAN,0x85,ACM_CRASH_INFO,20,CHKSM_CRASH_Sts,7,8,0,,SCF0
IDxxx,Msg,PT_CAN,0x85,ACM_CRASH_INFO,20,ALV_CRASH_Sts,11,4,0,,Body_CAN,0x85,ACM_CRASH_INFO,20,ALV_CRASH_Sts,11,4,0,,SCF0
IDxxx,Msg,PT_CAN,0x85,ACM_CRASH_INFO,20,ACM_Crash_Sts,18,2,0,,Body_CAN,0x85,ACM_CRASH_INFO,20,ACM_Crash_Sts,18,2,0,,SCF0
IDxxx,Msg,PT_CAN,0x85,ACM_CRASH_INFO,20,ACM_Airbag_Deployment_Status,20,2,0,,Body_CAN,0x85,ACM_CRASH_INFO,20,ACM_Airbag_Deployment_Status,20,2,0,,SCF0
IDxxx,Msg,PT_CAN,0x85,ACM_CRASH_INFO,20,ACM_Crash_Intensity,23,3,0,,Body_CAN,0x85,ACM_CRASH_INFO,20,ACM_Crash_Intensity,23,3,0,,SCF0
IDxxx,Msg,PT_CAN,0x85,ACM_CRASH_INFO,20,ACM_Front_Crash,25,2,0,,Body_CAN,0x85,ACM_CRASH_INFO,20,ACM_Front_Crash,25,2,0,,SCF0
IDxxx,Msg,PT_CAN,0x85,ACM_CRASH_INFO,20,ACM_DriverSide_Crash,27,2,0,,Body_CAN,0x85,ACM_CRASH_INFO,20,ACM_DriverSide_Crash,27,2,0,,SCF0
IDxxx,Msg,PT_CAN,0x85,ACM_CRASH_INFO,20,ACM_PassSide_Crash,29,2,0,,Body_CAN,0x85,ACM_CRASH_INFO,20,ACM_PassSide_Crash,29,2,0,,SCF0
IDxxx,Msg,PT_CAN,0x85,ACM_CRASH_INFO,20,ACM_Rear_Crash,31,2,0,,Body_CAN,0x85,ACM_CRASH_INFO,20,ACM_Rear_Crash,31,2,0,,SCF0
IDxxx,Msg,PT_CAN,0x85,ACM_CRASH_INFO,20,ACM_Rollover_Crash,33,2,0,,Body_CAN,0x85,ACM_CRASH_INFO,20,ACM_Rollover_Crash,33,2,0,,SCF0
IDxxx,Msg,PT_CAN,0x96,MHU_IDB_Mode_Select,100,ALV_MHU_IDB_Mode_Select,11,4,0,,Info_CAN,0x96,MHU_IDB_Mode_Select,100,ALV_MHU_IDB_Mode_Select,11,4,0,,SCF0
IDxxx,Msg,PT_CAN,0x96,MHU_IDB_Mode_Select,100,CHKSM_MHU_IDB_Mode_Select,7,8,0,,Info_CAN,0x96,MHU_IDB_Mode_Select,100,CHKSM_MHU_IDB_Mode_Select,7,8,0,,SCF0
IDxxx,Msg,PT_CAN,0x96,MHU_IDB_Mode_Select,100,MHU_IDB_Mode_Select_Signal,15,2,0,,Info_CAN,0x96,MHU_IDB_Mode_Select,100,MHU_IDB_Mode_Select_Signal,15,2,0,,SCF0
IDxxx,Msg,PT_CAN,0x136,MHU_PnC_triggerMsg,0,PnC_activation,7,2,0,,Info_CAN,0x136,MHU_PnC_triggerMsg,0,PnC_activation,7,2,0,,SCF0
IDxxx,Msg,PT_CAN,0x136,MHU_PnC_triggerMsg,0,PnC_Cert_Del,18,3,0,,Info_CAN,0x136,MHU_PnC_triggerMsg,0,PnC_Cert_Del,18,3,0,,SCF0
IDxxx,Msg,PT_CAN,0x136,MHU_PnC_triggerMsg,0,PnC_feature_enable,20,2,0,,Info_CAN,0x136,MHU_PnC_triggerMsg,0,PnC_feature_enable,20,2,0,,SCF0
IDxxx,Msg,PT_CAN,0x136,MHU_PnC_triggerMsg,0,PnC_trigger1,11,2,0,,Info_CAN,0x136,MHU_PnC_triggerMsg,0,PnC_trigger1,11,2,0,,SCF0
IDxxx,Msg,PT_CAN,0x136,MHU_PnC_triggerMsg,0,PnC_trigger2,15,4,0,,Info_CAN,0x136,MHU_PnC_triggerMsg,0,PnC_trigger2,15,4,0,,SCF0
IDxxx,Msg,PT_CAN,0x136,MHU_PnC_triggerMsg,0,PnCandEIM_Switch,9,2,0,,Info_CAN,0x136,MHU_PnC_triggerMsg,0,PnCandEIM_Switch,9,2,0,,SCF0
IDxxx,Msg,PT_CAN,0x100,MHU_Vehicle_Info,1000,ALV_MHU_VEH_INFO,11,4,0,,Info_CAN,0x100,MHU_Vehicle_Info,1000,ALV_MHU_VEH_INFO,11,4,0,,SCF0
IDxxx,Msg,PT_CAN,0x100,MHU_Vehicle_Info,1000,CHKSM_MHU_VEH_INFO,7,8,0,,Info_CAN,0x100,MHU_Vehicle_Info,1000,CHKSM_MHU_VEH_INFO,7,8,0,,SCF0
IDxxx,Msg,PT_CAN,0x100,MHU_Vehicle_Info,1000,MHU_Connectivity_Status,47,3,0,,Info_CAN,0x100,MHU_Vehicle_Info,1000,MHU_Connectivity_Status,47,3,0,,SCF0
IDxxx,Msg,PT_CAN,0x100,MHU_Vehicle_Info,1000,MHU_UserProfileId,23,4,0,,Info_CAN,0x100,MHU_Vehicle_Info,1000,MHU_UserProfileId,23,4,0,,SCF0
IDxxx,Msg,PT_CAN,0x6bd,POD_DCDC_DiagReq,0,POD_DCDC_DiagReqData0,7,8,0,,Diag_CAN,0x6bd,POD_DCDC_DiagReq,0,POD_DCDC_DiagReqData0,7,8,0,,SCF0
IDxxx,Msg,PT_CAN,0x6bd,POD_DCDC_DiagReq,0,POD_DCDC_DiagReqData0,7,8,0,,Info_CAN,0x6bd,POD_DCDC_DiagReq,0,POD_DCDC_DiagReqData0,7,8,0,,SCF0
IDxxx,Msg,PT_CAN,0x6bd,POD_DCDC_DiagReq,0,POD_DCDC_DiagReqData1,15,8,0,,Diag_CAN,0x6bd,POD_DCDC_DiagReq,0,POD_DCDC_DiagReqData1,15,8,0,,SCF0
IDxxx,Msg,PT_CAN,0x6bd,POD_DCDC_DiagReq,0,POD_DCDC_DiagReqData1,15,8,0,,Info_CAN,0x6bd,POD_DCDC_DiagReq,0,POD_DCDC_DiagReqData1,15,8,0,,SCF0
IDxxx,Msg,PT_CAN,0x6bd,POD_DCDC_DiagReq,0,POD_DCDC_DiagReqData2,23,8,0,,Diag_CAN,0x6bd,POD_DCDC_DiagReq,0,POD_DCDC_DiagReqData2,23,8,0,,SCF0
IDxxx,Msg,PT_CAN,0x6bd,POD_DCDC_DiagReq,0,POD_DCDC_DiagReqData2,23,8,0,,Info_CAN,0x6bd,POD_DCDC_DiagReq,0,POD_DCDC_DiagReqData2,23,8,0,,SCF0
IDxxx,Msg,PT_CAN,0x6bd,POD_DCDC_DiagReq,0,POD_DCDC_DiagReqData3,31,8,0,,Diag_CAN,0x6bd,POD_DCDC_DiagReq,0,POD_DCDC_DiagReqData3,31,8,0,,SCF0
IDxxx,Msg,PT_CAN,0x6bd,POD_DCDC_DiagReq,0,POD_DCDC_DiagReqData3,31,8,0,,Info_CAN,0x6bd,POD_DCDC_DiagReq,0,POD_DCDC_DiagReqData3,31,8,0,,SCF0
IDxxx,Msg,PT_CAN,0x6bd,POD_DCDC_DiagReq,0,POD_DCDC_DiagReqData4,39,8,0,,Diag_CAN,0x6bd,POD_DCDC_DiagReq,0,POD_DCDC_DiagReqData4,39,8,0,,SCF0
IDxxx,Msg,PT_CAN,0x6bd,POD_DCDC_DiagReq,0,POD_DCDC_DiagReqData4,39,8,0,,Info_CAN,0x6bd,POD_DCDC_DiagReq,0,POD_DCDC_DiagReqData4,39,8,0,,SCF0
IDxxx,Msg,PT_CAN,0x6bd,POD_DCDC_DiagReq,0,POD_DCDC_DiagReqData5,47,8,0,,Diag_CAN,0x6bd,POD_DCDC_DiagReq,0,POD_DCDC_DiagReqData5,47,8,0,,SCF0
IDxxx,Msg,PT_CAN,0x6bd,POD_DCDC_DiagReq,0,POD_DCDC_DiagReqData5,47,8,0,,Info_CAN,0x6bd,POD_DCDC_DiagReq,0,POD_DCDC_DiagReqData5,47,8,0,,SCF0
IDxxx,Msg,PT_CAN,0x6bd,POD_DCDC_DiagReq,0,POD_DCDC_DiagReqData6,55,8,0,,Diag_CAN,0x6bd,POD_DCDC_DiagReq,0,POD_DCDC_DiagReqData6,55,8,0,,SCF0
IDxxx,Msg,PT_CAN,0x6bd,POD_DCDC_DiagReq,0,POD_DCDC_DiagReqData6,55,8,0,,Info_CAN,0x6bd,POD_DCDC_DiagReq,0,POD_DCDC_DiagReqData6,55,8,0,,SCF0
IDxxx,Msg,PT_CAN,0x6bd,POD_DCDC_DiagReq,0,POD_DCDC_DiagReqData7,63,8,0,,Diag_CAN,0x6bd,POD_DCDC_DiagReq,0,POD_DCDC_DiagReqData7,63,8,0,,SCF0
IDxxx,Msg,PT_CAN,0x6bd,POD_DCDC_DiagReq,0,POD_DCDC_DiagReqData7,63,8,0,,Info_CAN,0x6bd,POD_DCDC_DiagReq,0,POD_DCDC_DiagReqData7,63,8,0,,SCF0
IDxxx,Msg,PT_CAN,0x6bf,POD_GW_Request,0,POD_DiagReqData0,7,8,0,,Diag_CAN,0x6bf,POD_GW_Request,0,POD_DiagReqData0,7,8,0,,SCF0
IDxxx,Msg,PT_CAN,0x6bf,POD_GW_Request,0,POD_DiagReqData0,7,8,0,,Info_CAN,0x6bf,POD_GW_Request,0,POD_DiagReqData0,7,8,0,,SCF0
IDxxx,Msg,PT_CAN,0x6bf,POD_GW_Request,0,POD_DiagReqData1,15,8,0,,Diag_CAN,0x6bf,POD_GW_Request,0,POD_DiagReqData1,15,8,0,,SCF0
IDxxx,Msg,PT_CAN,0x6bf,POD_GW_Request,0,POD_DiagReqData1,15,8,0,,Info_CAN,0x6bf,POD_GW_Request,0,POD_DiagReqData1,15,8,0,,SCF0
IDxxx,Msg,PT_CAN,0x6bf,POD_GW_Request,0,POD_DiagReqData2,23,8,0,,Diag_CAN,0x6bf,POD_GW_Request,0,POD_DiagReqData2,23,8,0,,SCF0
IDxxx,Msg,PT_CAN,0x6bf,POD_GW_Request,0,POD_DiagReqData2,23,8,0,,Info_CAN,0x6bf,POD_GW_Request,0,POD_DiagReqData2,23,8,0,,SCF0
IDxxx,Msg,PT_CAN,0x6bf,POD_GW_Request,0,POD_DiagReqData3,31,8,0,,Diag_CAN,0x6bf,POD_GW_Request,0,POD_DiagReqData3,31,8,0,,SCF0
IDxxx,Msg,PT_CAN,0x6bf,POD_GW_Request,0,POD_DiagReqData3,31,8,0,,Info_CAN,0x6bf,POD_GW_Request,0,POD_DiagReqData3,31,8,0,,SCF0
IDxxx,Msg,PT_CAN,0x6bf,POD_GW_Request,0,POD_DiagReqData4,39,8,0,,Diag_CAN,0x6bf,POD_GW_Request,0,POD_DiagReqData4,39,8,0,,SCF0
IDxxx,Msg,PT_CAN,0x6bf,POD_GW_Request,0,POD_DiagReqData4,39,8,0,,Info_CAN,0x6bf,POD_GW_Request,0,POD_DiagReqData4,39,8,0,,SCF0
IDxxx,Msg,PT_CAN,0x6bf,POD_GW_Request,0,POD_DiagReqData5,47,8,0,,Diag_CAN,0x6bf,POD_GW_Request,0,POD_DiagReqData5,47,8,0,,SCF0
IDxxx,Msg,PT_CAN,0x6bf,POD_GW_Request,0,POD_DiagReqData5,47,8,0,,Info_CAN,0x6bf,POD_GW_Request,0,POD_DiagReqData5,47,8,0,,SCF0
IDxxx,Msg,PT_CAN,0x6bf,POD_GW_Request,0,POD_DiagReqData6,55,8,0,,Diag_CAN,0x6bf,POD_GW_Request,0,POD_DiagReqData6,55,8,0,,SCF0
IDxxx,Msg,PT_CAN,0x6bf,POD_GW_Request,0,POD_DiagReqData6,55,8,0,,Info_CAN,0x6bf,POD_GW_Request,0,POD_DiagReqData6,55,8,0,,SCF0
IDxxx,Msg,PT_CAN,0x6bf,POD_GW_Request,0,POD_DiagReqData7,63,8,0,,Diag_CAN,0x6bf,POD_GW_Request,0,POD_DiagReqData7,63,8,0,,SCF0
IDxxx,Msg,PT_CAN,0x6bf,POD_GW_Request,0,POD_DiagReqData7,63,8,0,,Info_CAN,0x6bf,POD_GW_Request,0,POD_DiagReqData7,63,8,0,,SCF0
IDxxx,Msg,PT_CAN,0x6be,POD_OBC_DiagReq,0,POD_OBC_DiagReqData0,7,8,0,,Diag_CAN,0x6be,POD_OBC_DiagReq,0,POD_OBC_DiagReqData0,7,8,0,,SCF0
IDxxx,Msg,PT_CAN,0x6be,POD_OBC_DiagReq,0,POD_OBC_DiagReqData0,7,8,0,,Info_CAN,0x6be,POD_OBC_DiagReq,0,POD_OBC_DiagReqData0,7,8,0,,SCF0
IDxxx,Msg,PT_CAN,0x6be,POD_OBC_DiagReq,0,POD_OBC_DiagReqData1,15,8,0,,Diag_CAN,0x6be,POD_OBC_DiagReq,0,POD_OBC_DiagReqData1,15,8,0,,SCF0
IDxxx,Msg,PT_CAN,0x6be,POD_OBC_DiagReq,0,POD_OBC_DiagReqData1,15,8,0,,Info_CAN,0x6be,POD_OBC_DiagReq,0,POD_OBC_DiagReqData1,15,8,0,,SCF0
IDxxx,Msg,PT_CAN,0x6be,POD_OBC_DiagReq,0,POD_OBC_DiagReqData2,23,8,0,,Diag_CAN,0x6be,POD_OBC_DiagReq,0,POD_OBC_DiagReqData2,23,8,0,,SCF0
IDxxx,Msg,PT_CAN,0x6be,POD_OBC_DiagReq,0,POD_OBC_DiagReqData2,23,8,0,,Info_CAN,0x6be,POD_OBC_DiagReq,0,POD_OBC_DiagReqData2,23,8,0,,SCF0
IDxxx,Msg,PT_CAN,0x6be,POD_OBC_DiagReq,0,POD_OBC_DiagReqData3,31,8,0,,Diag_CAN,0x6be,POD_OBC_DiagReq,0,POD_OBC_DiagReqData3,31,8,0,,SCF0
IDxxx,Msg,PT_CAN,0x6be,POD_OBC_DiagReq,0,POD_OBC_DiagReqData3,31,8,0,,Info_CAN,0x6be,POD_OBC_DiagReq,0,POD_OBC_DiagReqData3,31,8,0,,SCF0
IDxxx,Msg,PT_CAN,0x6be,POD_OBC_DiagReq,0,POD_OBC_DiagReqData4,39,8,0,,Diag_CAN,0x6be,POD_OBC_DiagReq,0,POD_OBC_DiagReqData4,39,8,0,,SCF0
IDxxx,Msg,PT_CAN,0x6be,POD_OBC_DiagReq,0,POD_OBC_DiagReqData4,39,8,0,,Info_CAN,0x6be,POD_OBC_DiagReq,0,POD_OBC_DiagReqData4,39,8,0,,SCF0
IDxxx,Msg,PT_CAN,0x6be,POD_OBC_DiagReq,0,POD_OBC_DiagReqData5,47,8,0,,Diag_CAN,0x6be,POD_OBC_DiagReq,0,POD_OBC_DiagReqData5,47,8,0,,SCF0
IDxxx,Msg,PT_CAN,0x6be,POD_OBC_DiagReq,0,POD_OBC_DiagReqData5,47,8,0,,Info_CAN,0x6be,POD_OBC_DiagReq,0,POD_OBC_DiagReqData5,47,8,0,,SCF0
IDxxx,Msg,PT_CAN,0x6be,POD_OBC_DiagReq,0,POD_OBC_DiagReqData6,55,8,0,,Diag_CAN,0x6be,POD_OBC_DiagReq,0,POD_OBC_DiagReqData6,55,8,0,,SCF0
IDxxx,Msg,PT_CAN,0x6be,POD_OBC_DiagReq,0,POD_OBC_DiagReqData6,55,8,0,,Info_CAN,0x6be,POD_OBC_DiagReq,0,POD_OBC_DiagReqData6,55,8,0,,SCF0
IDxxx,Msg,PT_CAN,0x6be,POD_OBC_DiagReq,0,POD_OBC_DiagReqData7,63,8,0,,Diag_CAN,0x6be,POD_OBC_DiagReq,0,POD_OBC_DiagReqData7,63,8,0,,SCF0
IDxxx,Msg,PT_CAN,0x6be,POD_OBC_DiagReq,0,POD_OBC_DiagReqData7,63,8,0,,Info_CAN,0x6be,POD_OBC_DiagReq,0,POD_OBC_DiagReqData7,63,8,0,,SCF0
IDxxx,Msg,PT_CAN,0x6A7,RCU_DiagReq,0,RCU_DiagReqData0,7,8,0,,Info_CAN,0x6A7,RCU_DiagReq,0,RCU_DiagReqData0,7,8,0,,SCF0
IDxxx,Msg,PT_CAN,0x6A7,RCU_DiagReq,0,RCU_DiagReqData1,15,8,0,,Info_CAN,0x6A7,RCU_DiagReq,0,RCU_DiagReqData1,15,8,0,,SCF0
IDxxx,Msg,PT_CAN,0x6A7,RCU_DiagReq,0,RCU_DiagReqData2,23,8,0,,Info_CAN,0x6A7,RCU_DiagReq,0,RCU_DiagReqData2,23,8,0,,SCF0
IDxxx,Msg,PT_CAN,0x6A7,RCU_DiagReq,0,RCU_DiagReqData3,31,8,0,,Info_CAN,0x6A7,RCU_DiagReq,0,RCU_DiagReqData3,31,8,0,,SCF0
IDxxx,Msg,PT_CAN,0x6A7,RCU_DiagReq,0,RCU_DiagReqData4,39,8,0,,Info_CAN,0x6A7,RCU_DiagReq,0,RCU_DiagReqData4,39,8,0,,SCF0
IDxxx,Msg,PT_CAN,0x6A7,RCU_DiagReq,0,RCU_DiagReqData5,47,8,0,,Info_CAN,0x6A7,RCU_DiagReq,0,RCU_DiagReqData5,47,8,0,,SCF0
IDxxx,Msg,PT_CAN,0x6A7,RCU_DiagReq,0,RCU_DiagReqData6,55,8,0,,Info_CAN,0x6A7,RCU_DiagReq,0,RCU_DiagReqData6,55,8,0,,SCF0
IDxxx,Msg,PT_CAN,0x6A7,RCU_DiagReq,0,RCU_DiagReqData7,63,8,0,,Info_CAN,0x6A7,RCU_DiagReq,0,RCU_DiagReqData7,63,8,0,,SCF0
IDxxx,Msg,PT_CAN,0x6A7,RCU_DiagReq,0,RCU_DiagReqData0,7,8,0,,Diag_CAN,0x6A7,RCU_DiagReq,0,RCU_DiagReqData0,7,8,0,,SCF0
IDxxx,Msg,PT_CAN,0x6A7,RCU_DiagReq,0,RCU_DiagReqData1,15,8,0,,Diag_CAN,0x6A7,RCU_DiagReq,0,RCU_DiagReqData1,15,8,0,,SCF0
IDxxx,Msg,PT_CAN,0x6A7,RCU_DiagReq,0,RCU_DiagReqData2,23,8,0,,Diag_CAN,0x6A7,RCU_DiagReq,0,RCU_DiagReqData2,23,8,0,,SCF0
IDxxx,Msg,PT_CAN,0x6A7,RCU_DiagReq,0,RCU_DiagReqData3,31,8,0,,Diag_CAN,0x6A7,RCU_DiagReq,0,RCU_DiagReqData3,31,8,0,,SCF0
IDxxx,Msg,PT_CAN,0x6A7,RCU_DiagReq,0,RCU_DiagReqData4,39,8,0,,Diag_CAN,0x6A7,RCU_DiagReq,0,RCU_DiagReqData4,39,8,0,,SCF0
IDxxx,Msg,PT_CAN,0x6A7,RCU_DiagReq,0,RCU_DiagReqData5,47,8,0,,Diag_CAN,0x6A7,RCU_DiagReq,0,RCU_DiagReqData5,47,8,0,,SCF0
IDxxx,Msg,PT_CAN,0x6A7,RCU_DiagReq,0,RCU_DiagReqData6,55,8,0,,Diag_CAN,0x6A7,RCU_DiagReq,0,RCU_DiagReqData6,55,8,0,,SCF0
IDxxx,Msg,PT_CAN,0x6A7,RCU_DiagReq,0,RCU_DiagReqData7,63,8,0,,Diag_CAN,0x6A7,RCU_DiagReq,0,RCU_DiagReqData7,63,8,0,,SCF0
IDxxx,Msg,PT_CAN,0x456,SCM_Raw_Status,0,ALIV_WISW_SZL_LIN,31,4,0,,Body_CAN,0x456,SCM_Raw_Status,0,ALIV_WISW_SZL_LIN,31,4,0,,SCF0
IDxxx,Msg,PT_CAN,0x456,SCM_Raw_Status,0,BCM_Wiper_Front_Status,12,3,0,,Body_CAN,0x456,SCM_Raw_Status,0,BCM_Wiper_Front_Status,12,3,0,,SCF0
IDxxx,Msg,PT_CAN,0x456,SCM_Raw_Status,0,BCM_Wiper_Rear_Status,27,2,0,,Body_CAN,0x456,SCM_Raw_Status,0,BCM_Wiper_Rear_Status,27,2,0,,SCF0
IDxxx,Msg,PT_CAN,0x456,SCM_Raw_Status,0,COMM_ERR_SZL_LIN,8,1,0,,Body_CAN,0x456,SCM_Raw_Status,0,COMM_ERR_SZL_LIN,8,1,0,,SCF0
IDxxx,Msg,PT_CAN,0x456,SCM_Raw_Status,0,NOD_ERR_SZL_LIN,25,2,0,,Body_CAN,0x456,SCM_Raw_Status,0,NOD_ERR_SZL_LIN,25,2,0,,SCF0
IDxxx,Msg,PT_CAN,0x456,SCM_Raw_Status,0,OP_COLS_SZL_LIN,23,8,0,,Body_CAN,0x456,SCM_Raw_Status,0,OP_COLS_SZL_LIN,23,8,0,,SCF0
IDxxx,Msg,PT_CAN,0x456,SCM_Raw_Status,0,OP_WIPO_SZL_LIN,15,3,0,,Body_CAN,0x456,SCM_Raw_Status,0,OP_WIPO_SZL_LIN,15,3,0,,SCF0
IDxxx,Msg,PT_CAN,0x456,SCM_Raw_Status,0,OP_WISW_SZL_LIN,7,8,0,,Body_CAN,0x456,SCM_Raw_Status,0,OP_WISW_SZL_LIN,7,8,0,,SCF0
IDxxx,Msg,PT_CAN,0x701,SEED_CAN_Req1_CCU_R,0,SEED_CAN_Req1,7,64,0,,Body_CAN,0x701,SEED_CAN_Req1_CCU_R,0,SEED_CAN_Req1,7,64,0,,SCF0
IDxxx,Msg,PT_CAN,0x733,SEED_CAN_Req18_MHU,0,SEED_CAN_Req18,7,64,0,,Info_CAN,0x733,SEED_CAN_Req18_MHU,0,SEED_CAN_Req18,7,64,0,,SCF0
IDxxx,Msg,PT_CAN,0x703,SEED_CAN_Req2_CCU_F,0,SEED_CAN_Req2,7,64,0,,Body_CAN,0x703,SEED_CAN_Req2_CCU_F,0,SEED_CAN_Req2,7,64,0,,SCF0
IDxxx,Msg,PT_CAN,0x70B,SEED_CAN_Req6_BCM,0,SEED_CAN_Req6,7,64,0,,Body_CAN,0x70B,SEED_CAN_Req6_BCM,0,SEED_CAN_Req6,7,64,0,,SCF0
IDxxx,Msg,PT_CAN,0x235,TRM_STATUS,100,ALIVE_TRM_STATUS,11,4,0,,Body_CAN,0x235,TRM_STATUS,100,ALIVE_TRM_STATUS,11,4,0,,SCF0
IDxxx,Msg,PT_CAN,0x235,TRM_STATUS,100,CHKSM_TRM_STATUS,7,8,0,,Body_CAN,0x235,TRM_STATUS,100,CHKSM_TRM_STATUS,7,8,0,,SCF0
IDxxx,Msg,PT_CAN,0x235,TRM_STATUS,100,TowingDetected,21,2,0,,Body_CAN,0x235,TRM_STATUS,100,TowingDetected,21,2,0,,SCF0
IDxxx,Msg,PT_CAN,0x235,TRM_STATUS,100,TrailerDetected,23,2,0,,Body_CAN,0x235,TRM_STATUS,100,TrailerDetected,23,2,0,,SCF0
IDxxx,Msg,PT_CAN,0x6ac,VCU_DiagReq,0,VCU_DiagReqData0,7,8,0,,Diag_CAN,0x6ac,VCU_DiagReq,0,VCU_DiagReqData0,7,8,0,,SCF0
IDxxx,Msg,PT_CAN,0x6ac,VCU_DiagReq,0,VCU_DiagReqData0,7,8,0,,Info_CAN,0x6ac,VCU_DiagReq,0,VCU_DiagReqData0,7,8,0,,SCF0
IDxxx,Msg,PT_CAN,0x6ac,VCU_DiagReq,0,VCU_DiagReqData1,15,8,0,,Diag_CAN,0x6ac,VCU_DiagReq,0,VCU_DiagReqData1,15,8,0,,SCF0
IDxxx,Msg,PT_CAN,0x6ac,VCU_DiagReq,0,VCU_DiagReqData1,15,8,0,,Info_CAN,0x6ac,VCU_DiagReq,0,VCU_DiagReqData1,15,8,0,,SCF0
IDxxx,Msg,PT_CAN,0x6ac,VCU_DiagReq,0,VCU_DiagReqData2,23,8,0,,Diag_CAN,0x6ac,VCU_DiagReq,0,VCU_DiagReqData2,23,8,0,,SCF0
IDxxx,Msg,PT_CAN,0x6ac,VCU_DiagReq,0,VCU_DiagReqData2,23,8,0,,Info_CAN,0x6ac,VCU_DiagReq,0,VCU_DiagReqData2,23,8,0,,SCF0
IDxxx,Msg,PT_CAN,0x6ac,VCU_DiagReq,0,VCU_DiagReqData3,31,8,0,,Diag_CAN,0x6ac,VCU_DiagReq,0,VCU_DiagReqData3,31,8,0,,SCF0
IDxxx,Msg,PT_CAN,0x6ac,VCU_DiagReq,0,VCU_DiagReqData3,31,8,0,,Info_CAN,0x6ac,VCU_DiagReq,0,VCU_DiagReqData3,31,8,0,,SCF0
IDxxx,Msg,PT_CAN,0x6ac,VCU_DiagReq,0,VCU_DiagReqData4,39,8,0,,Diag_CAN,0x6ac,VCU_DiagReq,0,VCU_DiagReqData4,39,8,0,,SCF0
IDxxx,Msg,PT_CAN,0x6ac,VCU_DiagReq,0,VCU_DiagReqData4,39,8,0,,Info_CAN,0x6ac,VCU_DiagReq,0,VCU_DiagReqData4,39,8,0,,SCF0
IDxxx,Msg,PT_CAN,0x6ac,VCU_DiagReq,0,VCU_DiagReqData5,47,8,0,,Diag_CAN,0x6ac,VCU_DiagReq,0,VCU_DiagReqData5,47,8,0,,SCF0
IDxxx,Msg,PT_CAN,0x6ac,VCU_DiagReq,0,VCU_DiagReqData5,47,8,0,,Info_CAN,0x6ac,VCU_DiagReq,0,VCU_DiagReqData5,47,8,0,,SCF0
IDxxx,Msg,PT_CAN,0x6ac,VCU_DiagReq,0,VCU_DiagReqData6,55,8,0,,Diag_CAN,0x6ac,VCU_DiagReq,0,VCU_DiagReqData6,55,8,0,,SCF0
IDxxx,Msg,PT_CAN,0x6ac,VCU_DiagReq,0,VCU_DiagReqData6,55,8,0,,Info_CAN,0x6ac,VCU_DiagReq,0,VCU_DiagReqData6,55,8,0,,SCF0
IDxxx,Msg,PT_CAN,0x6ac,VCU_DiagReq,0,VCU_DiagReqData7,63,8,0,,Diag_CAN,0x6ac,VCU_DiagReq,0,VCU_DiagReqData7,63,8,0,,SCF0
IDxxx,Msg,PT_CAN,0x6ac,VCU_DiagReq,0,VCU_DiagReqData7,63,8,0,,Info_CAN,0x6ac,VCU_DiagReq,0,VCU_DiagReqData7,63,8,0,,SCF0
IDxxx,Msg,PT_CAN,0x179,YSS_LateralAcc,10,ALV_YSS_LateralAcc,11,4,0,,Chassis_CAN,0x179,YSS_LateralAcc,10,ALV_YSS_LateralAcc,11,4,0,,SCF0
IDxxx,Msg,PT_CAN,0x179,YSS_LateralAcc,10,CHKSM_YSS_LateralAcc,7,8,0,,Chassis_CAN,0x179,YSS_LateralAcc,10,CHKSM_YSS_LateralAcc,7,8,0,,SCF0
IDxxx,Msg,PT_CAN,0x179,YSS_LateralAcc,10,YSS_LAT_ACC,47,16,0,,Chassis_CAN,0x179,YSS_LateralAcc,10,YSS_LAT_ACC,47,16,0,,SCF0
IDxxx,Msg,PT_CAN,0x179,YSS_LateralAcc,10,YSS_LAT_ACC_QUAL,35,4,0,,Chassis_CAN,0x179,YSS_LateralAcc,10,YSS_LAT_ACC_QUAL,35,4,0,,SCF0
IDxxx,Msg,PT_CAN,0x179,YSS_LateralAcc,10,YSS_LAT_ACC_UNFILTERED,23,16,0,,Chassis_CAN,0x179,YSS_LateralAcc,10,YSS_LAT_ACC_UNFILTERED,23,16,0,,SCF0
IDxxx,Msg,PT_CAN,0x179,YSS_LateralAcc,10,YSS_LAT_ACCUNFILTERED_QUAL,15,4,0,,Chassis_CAN,0x179,YSS_LateralAcc,10,YSS_LAT_ACCUNFILTERED_QUAL,15,4,0,,SCF0
IDxxx,Msg,PT_CAN,0x178,YSS_LongAcc,10,ALV_YSS_LongAcc,11,4,0,,Chassis_CAN,0x178,YSS_LongAcc,10,ALV_YSS_LongAcc,11,4,0,,SCF0
IDxxx,Msg,PT_CAN,0x178,YSS_LongAcc,10,CHKSM_YSS_LongAcc,7,8,0,,Chassis_CAN,0x178,YSS_LongAcc,10,CHKSM_YSS_LongAcc,7,8,0,,SCF0
IDxxx,Msg,PT_CAN,0x178,YSS_LongAcc,10,YSS_LONG_ACC,47,16,0,,Chassis_CAN,0x178,YSS_LongAcc,10,YSS_LONG_ACC,47,16,0,,SCF0
IDxxx,Msg,PT_CAN,0x178,YSS_LongAcc,10,YSS_LONG_ACC_QUAL,35,4,0,,Chassis_CAN,0x178,YSS_LongAcc,10,YSS_LONG_ACC_QUAL,35,4,0,,SCF0
IDxxx,Msg,PT_CAN,0x178,YSS_LongAcc,10,YSS_LONG_ACC_UNFILTERED,23,16,0,,Chassis_CAN,0x178,YSS_LongAcc,10,YSS_LONG_ACC_UNFILTERED,23,16,0,,SCF0
IDxxx,Msg,PT_CAN,0x178,YSS_LongAcc,10,YSS_LONG_ACCUNFILTERED_QUAL,15,4,0,,Chassis_CAN,0x178,YSS_LongAcc,10,YSS_LONG_ACCUNFILTERED_QUAL,15,4,0,,SCF0
IDxxx,Msg,PT_CAN,0x17D,YSS_YawRate,10,ALV_YSS_YawRate,11,4,0,,Chassis_CAN,0x17D,YSS_YawRate,10,ALV_YSS_YawRate,11,4,0,,SCF0
IDxxx,Msg,PT_CAN,0x17D,YSS_YawRate,10,CHKSM_YSS_YawRate,7,8,0,,Chassis_CAN,0x17D,YSS_YawRate,10,CHKSM_YSS_YawRate,7,8,0,,SCF0
IDxxx,Msg,PT_CAN,0x17D,YSS_YawRate,10,YSS_SC_STATUS,39,4,0,,Chassis_CAN,0x17D,YSS_YawRate,10,YSS_SC_STATUS,39,4,0,,SCF0
IDxxx,Msg,PT_CAN,0x17D,YSS_YawRate,10,YSS_TEMPERATURE,63,8,40,,Chassis_CAN,0x17D,YSS_YawRate,10,YSS_TEMPERATURE,63,8,40,,SCF0
IDxxx,Msg,PT_CAN,0x17D,YSS_YawRate,10,YSS_YAW_RATE,47,16,0,,Chassis_CAN,0x17D,YSS_YawRate,10,YSS_YAW_RATE,47,16,0,,SCF0
IDxxx,Msg,PT_CAN,0x17D,YSS_YawRate,10,YSS_YAW_RATE_QUAL,35,4,0,,Chassis_CAN,0x17D,YSS_YawRate,10,YSS_YAW_RATE_QUAL,35,4,0,,SCF0
IDxxx,Msg,PT_CAN,0x17D,YSS_YawRate,10,YSS_YAW_RATE_UNFILTERED,23,16,0,,Chassis_CAN,0x17D,YSS_YawRate,10,YSS_YAW_RATE_UNFILTERED,23,16,0,,SCF0
IDxxx,Msg,PT_CAN,0x17D,YSS_YawRate,10,YSS_YAW_RATEUNFILTERED_QUAL,15,4,0,,Chassis_CAN,0x17D,YSS_YawRate,10,YSS_YAW_RATEUNFILTERED_QUAL,15,4,0,,SCF0
